{"ts": 1593417600, "values": {"SM": {"res": 122347, "severe": 1, "hosp": 7, "cases": 150, "name": "Schmalkalden-Meiningen", "casedens": 0.12389219726941597, "area": 1210.73, "diffweek": 4, "deceased": 4, "reldiffweek": 3.269389523241273, "dens": 101.05225772880824, "hospinf": 28, "caseres": 122.60210712154772, "diff": 0}, "EF": {"res": 213699, "severe": 1, "hosp": 10, "cases": 139, "name": "Erfurt", "casedens": 0.5149864769738061, "area": 269.91, "diffweek": 0, "deceased": 2, "reldiffweek": 0.0, "dens": 791.7416916750027, "hospinf": 19, "caseres": 65.04475921740392, "diff": 0}, "G": {"res": 94152, "severe": 1, "hosp": 21, "cases": 254, "name": "Gera", "casedens": 1.6690760940990932, "area": 152.18, "diffweek": 0, "deceased": 21, "reldiffweek": 0.0, "dens": 618.68839532133, "hospinf": 57, "caseres": 269.7765315659784, "diff": 0}, "SHL": {"res": 34835, "severe": 2, "hosp": 4, "cases": 20, "name": "Suhl", "casedens": 0.1941182179947588, "area": 103.03, "diffweek": 0, "deceased": 2, "reldiffweek": 0.0, "dens": 338.10540619237116, "hospinf": 7, "caseres": 57.41352088416823, "diff": 0}, "AP": {"res": 81947, "severe": 3, "hosp": 10, "cases": 74, "name": "Weimarer Land", "casedens": 0.09198488464598249, "area": 804.48, "diffweek": 0, "deceased": 4, "reldiffweek": 0.0, "dens": 101.863315433572, "hospinf": 12, "caseres": 90.30226853942182, "diff": 0}, "ABG": {"res": 90118, "severe": 4, "hosp": 9, "cases": 76, "name": "Altenburger Land", "casedens": 0.1334738321039691, "area": 569.4, "diffweek": 1, "deceased": 4, "reldiffweek": 1.1096562285004106, "dens": 158.2683526519143, "hospinf": 16, "caseres": 84.3338733660312, "diff": 1}, "WAK": {"res": 123025, "severe": 4, "hosp": 8, "cases": 87, "name": "Wartburgkreis", "casedens": 0.06654225050480328, "area": 1307.44, "diffweek": 4, "deceased": 2, "reldiffweek": 3.2513716724243036, "dens": 94.09609618797037, "hospinf": 10, "caseres": 70.71733387522862, "diff": 0}, "GTH": {"res": 135452, "severe": 12, "hosp": 44, "cases": 312, "name": "Gotha", "casedens": 0.33330484573968033, "area": 936.08, "diffweek": 2, "deceased": 30, "reldiffweek": 1.4765378141334198, "dens": 144.70130758054867, "hospinf": 68, "caseres": 230.3398990048135, "diff": 0}, "SHK": {"res": 83051, "severe": 1, "hosp": 5, "cases": 73, "name": "Saale-Holzland-Kreis", "casedens": 0.08954418330798293, "area": 815.24, "diffweek": 0, "deceased": 3, "reldiffweek": 0.0, "dens": 101.87306805357932, "hospinf": 18, "caseres": 87.89779773873884, "diff": 0}, "NDH": {"res": 83822, "severe": 10, "hosp": 18, "cases": 66, "name": "Nordhausen", "casedens": 0.09244992295839753, "area": 713.9, "diffweek": 0, "deceased": 2, "reldiffweek": 0.0, "dens": 117.41420366998179, "hospinf": 22, "caseres": 78.73827873350672, "diff": 0}, "J": {"res": 111407, "severe": 5, "hosp": 11, "cases": 161, "name": "Jena", "casedens": 1.402805611222445, "area": 114.77, "diffweek": 0, "deceased": 3, "reldiffweek": 0.0, "dens": 970.697917574279, "hospinf": 17, "caseres": 144.5151561392013, "diff": 0}, "UH": {"res": 102912, "severe": 6, "hosp": 20, "cases": 91, "name": "Unstrut-Hainich-Kreis", "casedens": 0.09288652532944094, "area": 979.69, "diffweek": 0, "deceased": 3, "reldiffweek": 0.0, "dens": 105.04547356816951, "hospinf": 25, "caseres": 88.42506218905473, "diff": 0}, "SOM": {"res": 69655, "severe": 1, "hosp": 4, "cases": 37, "name": "S\u00f6mmerda", "casedens": 0.0458567781275562, "area": 806.86, "diffweek": 0, "deceased": 1, "reldiffweek": 0.0, "dens": 86.32848325607912, "hospinf": 4, "caseres": 53.1189433637212, "diff": 0}, "GRZ": {"res": 98159, "severe": 25, "hosp": 113, "cases": 666, "name": "Greiz", "casedens": 0.7872526537270385, "area": 845.98, "diffweek": 2, "deceased": 48, "reldiffweek": 2.03751056958608, "dens": 116.02992978557413, "hospinf": 173, "caseres": 678.4910196721646, "diff": 0}, "KYF": {"res": 75009, "severe": 1, "hosp": 4, "cases": 52, "name": "Kyffh\u00e4userkreis", "casedens": 0.05010068310354462, "area": 1037.91, "diffweek": 2, "deceased": 0, "reldiffweek": 2.6663467050620593, "dens": 72.26927190218805, "hospinf": 5, "caseres": 69.32501433161354, "diff": 0}, "IK": {"res": 108742, "severe": 7, "hosp": 13, "cases": 136, "name": "Ilm-Kreis", "casedens": 0.1611928269192021, "area": 843.71, "diffweek": 0, "deceased": 6, "reldiffweek": 0.0, "dens": 128.88551753564613, "hospinf": 16, "caseres": 125.06667157124203, "diff": 0}, "EA": {"res": 42370, "severe": 2, "hosp": 11, "cases": 30, "name": "Eisenach", "casedens": 0.28799078429490255, "area": 104.17, "diffweek": 0, "deceased": 2, "reldiffweek": 0.0, "dens": 406.7389843525007, "hospinf": 14, "caseres": 70.80481472740146, "diff": 0}, "EIC": {"res": 100380, "severe": 8, "hosp": 28, "cases": 159, "name": "Eichsfeld", "casedens": 0.16859830129258696, "area": 943.07, "diffweek": 0, "deceased": 9, "reldiffweek": 0.0, "dens": 106.43960681603699, "hospinf": 34, "caseres": 158.39808726838015, "diff": 0}, "WE": {"res": 65090, "severe": 1, "hosp": 8, "cases": 69, "name": "Weimar", "casedens": 0.8167613636363636, "area": 84.48, "diffweek": 0, "deceased": 0, "reldiffweek": 0.0, "dens": 770.4782196969696, "hospinf": 11, "caseres": 106.00706713780917, "diff": 0}, "SON": {"res": 56196, "severe": 1, "hosp": 25, "cases": 304, "name": "Sonneberg", "casedens": 0.7010908420008763, "area": 433.61, "diffweek": 9, "deceased": 22, "reldiffweek": 16.015374759769376, "dens": 129.600332095662, "hospinf": 53, "caseres": 540.9637696633213, "diff": 0}, "SLF": {"res": 106356, "severe": 1, "hosp": 7, "cases": 72, "name": "Saalfeld-Rudolstadt", "casedens": 0.06949605706398464, "area": 1036.03, "diffweek": 1, "deceased": 0, "reldiffweek": 0.9402384444695175, "dens": 102.65725895968264, "hospinf": 14, "caseres": 67.69716800180525, "diff": 0}, "HBN": {"res": 63553, "severe": 3, "hosp": 2, "cases": 72, "name": "Hildburghausen", "casedens": 0.0767247074870527, "area": 938.42, "diffweek": 3, "deceased": 1, "reldiffweek": 4.720469529369188, "dens": 67.72340742950918, "hospinf": 24, "caseres": 113.29126870486051, "diff": 0}, "SOK": {"res": 80868, "severe": 2, "hosp": 29, "cases": 149, "name": "Saale-Orla-Kreis", "casedens": 0.12941891774515765, "area": 1151.3, "diffweek": 0, "deceased": 12, "reldiffweek": 0.0, "dens": 70.24059758533832, "hospinf": 35, "caseres": 184.25087797398228, "diff": 0}}, "types": {"res": {"unit": "EW", "de": "Einwohner", "showSum": 1, "color": "#00A000", "id": 10}, "severe": {"unit": "F\u00e4lle", "color": "#D30000", "unit1": "Fall", "de": "schwere Verl\u00e4ufe", "showSum": 1, "id": 6}, "hosp": {"unit": "F\u00e4lle", "color": "#FFAD00", "unit1": "Fall", "de": "station\u00e4re F\u00e4lle wegen COVID19", "showSum": 1, "id": 5}, "cases": {"unit": "F\u00e4lle", "color": "#0000d3", "unit1": "Fall", "de": "Fallzahlen", "showSum": 1, "id": 0}, "casedens": {"unit": "F\u00e4lle / km\u00b2", "de": "fl\u00e4chenbezogene F\u00e4lle", "color": "#0000D3", "id": 9}, "area": {"unit": "km\u00b2", "de": "Fl\u00e4che", "showSum": 1, "color": "#00A000", "id": 11}, "diffweek": {"unit": "F\u00e4lle", "pm": 1, "color": "#A000FFFF", "unit1": "Fall", "de": "Entwicklung zur Vorwoche", "showSum": 1, "id": 2}, "deceased": {"unit": "Verstorbene", "color": "#333333", "unit1": "Verstorbene(r)", "de": "Todesf\u00e4lle", "showSum": 1, "id": 7}, "reldiffweek": {"unit": "F\u00e4lle / 100&thinsp;000 EW", "pm": 1, "color": "#A000FFFF", "unit1": "Fall / 100&thinsp;000 EW", "de": "rel. Entwicklung zur Vorwoche", "id": 3}, "dens": {"unit": "EW / km\u00b2", "de": "Einwohnerdichte", "color": "#00A000", "id": 12}, "hospinf": {"unit": "F\u00e4lle", "color": "#EBE800", "unit1": "Fall", "de": "station\u00e4re F\u00e4lle mit COVID19", "showSum": 1, "id": 4}, "caseres": {"unit": "F\u00e4lle / 100&thinsp;000 EW", "de": "relative Fallzahlen", "color": "#0000D3", "id": 8}, "diff": {"unit": "F\u00e4lle", "pm": 1, "color": "#A000FFFF", "unit1": "Fall", "de": "Entwicklung zum Vortag", "showSum": 1, "id": 1}}}