{"ts": 1594281600, "values": {"WE": {"caseres": 106.00706713780917, "diffweek": 0, "severe": 1, "dens": 770.4782196969696, "deceased": 0, "diff": 0, "reldiffweek": 0.0, "hosp": 8, "res": 65090, "hospinf": 11, "area": 84.48, "cases": 69, "casedens": 0.8167613636363636, "name": "Weimar"}, "GRZ": {"caseres": 680.5285302417507, "diffweek": -1, "severe": 25, "dens": 116.02992978557413, "deceased": 48, "diff": 0, "reldiffweek": -1.01875528479304, "hosp": 114, "res": 98159, "hospinf": 174, "area": 845.98, "cases": 668, "casedens": 0.7896167758103029, "name": "Greiz"}, "NDH": {"caseres": 78.73827873350672, "diffweek": 0, "severe": 10, "dens": 117.41420366998179, "deceased": 2, "diff": 0, "reldiffweek": 0.0, "hosp": 18, "res": 83822, "hospinf": 22, "area": 713.9, "cases": 66, "casedens": 0.09244992295839753, "name": "Nordhausen"}, "HBN": {"caseres": 124.30569760672195, "diffweek": 7, "severe": 3, "dens": 67.72340742950918, "deceased": 1, "diff": 1, "reldiffweek": 11.01442890186144, "hosp": 2, "res": 63553, "hospinf": 29, "area": 938.42, "cases": 79, "casedens": 0.08418405404829395, "name": "Hildburghausen"}, "SM": {"caseres": 129.14088616803028, "diffweek": 7, "severe": 1, "dens": 101.05225772880824, "deceased": 4, "diff": 1, "reldiffweek": 5.7214316656722275, "hosp": 8, "res": 122347, "hospinf": 31, "area": 1210.73, "cases": 158, "casedens": 0.13049978112378482, "name": "Schmalkalden-Meiningen"}, "AP": {"caseres": 91.52256946563023, "diffweek": 1, "severe": 3, "dens": 101.863315433572, "deceased": 4, "diff": 0, "reldiffweek": 1.220300926208403, "hosp": 10, "res": 81947, "hospinf": 12, "area": 804.48, "cases": 75, "casedens": 0.09322792362768496, "name": "Weimarer Land"}, "SON": {"caseres": 540.9637696633213, "diffweek": 0, "severe": 1, "dens": 129.600332095662, "deceased": 22, "diff": 0, "reldiffweek": 0.0, "hosp": 26, "res": 56196, "hospinf": 54, "area": 433.61, "cases": 304, "casedens": 0.7010908420008763, "name": "Sonneberg"}, "EIC": {"caseres": 161.38673042438734, "diffweek": 2, "severe": 8, "dens": 106.43960681603699, "deceased": 9, "diff": 0, "reldiffweek": 1.9924287706714485, "hosp": 28, "res": 100380, "hospinf": 34, "area": 943.07, "cases": 162, "casedens": 0.1717794013169754, "name": "Eichsfeld"}, "SHK": {"caseres": 87.89779773873884, "diffweek": 0, "severe": 1, "dens": 101.87306805357932, "deceased": 3, "diff": 0, "reldiffweek": 0.0, "hosp": 5, "res": 83051, "hospinf": 18, "area": 815.24, "cases": 73, "casedens": 0.08954418330798293, "name": "Saale-Holzland-Kreis"}, "SLF": {"caseres": 67.69716800180525, "diffweek": 0, "severe": 1, "dens": 102.65725895968264, "deceased": 0, "diff": 0, "reldiffweek": 0.0, "hosp": 7, "res": 106356, "hospinf": 14, "area": 1036.03, "cases": 72, "casedens": 0.06949605706398464, "name": "Saalfeld-Rudolstadt"}, "SHL": {"caseres": 60.28419692837663, "diffweek": 0, "severe": 2, "dens": 338.10540619237116, "deceased": 2, "diff": 0, "reldiffweek": 0.0, "hosp": 4, "res": 34835, "hospinf": 7, "area": 103.03, "cases": 21, "casedens": 0.20382412889449675, "name": "Suhl"}, "ABG": {"caseres": 84.3338733660312, "diffweek": 0, "severe": 4, "dens": 158.2683526519143, "deceased": 4, "diff": 0, "reldiffweek": 0.0, "hosp": 9, "res": 90118, "hospinf": 16, "area": 569.4, "cases": 76, "casedens": 0.1334738321039691, "name": "Altenburger Land"}, "GTH": {"caseres": 232.55470572601365, "diffweek": 3, "severe": 12, "dens": 144.70130758054867, "deceased": 30, "diff": 0, "reldiffweek": 2.21480672120013, "hosp": 44, "res": 135452, "hospinf": 68, "area": 936.08, "cases": 315, "casedens": 0.33650970002563885, "name": "Gotha"}, "J": {"caseres": 144.5151561392013, "diffweek": 0, "severe": 5, "dens": 970.697917574279, "deceased": 3, "diff": 0, "reldiffweek": 0.0, "hosp": 11, "res": 111407, "hospinf": 17, "area": 114.77, "cases": 161, "casedens": 1.402805611222445, "name": "Jena"}, "G": {"caseres": 275.08709321097797, "diffweek": 2, "severe": 1, "dens": 618.68839532133, "deceased": 22, "diff": 0, "reldiffweek": 2.12422465799983, "hosp": 21, "res": 94152, "hospinf": 58, "area": 152.18, "cases": 259, "casedens": 1.701931922723091, "name": "Gera"}, "SOK": {"caseres": 185.4874610476332, "diffweek": 0, "severe": 2, "dens": 70.24059758533832, "deceased": 12, "diff": 0, "reldiffweek": 0.0, "hosp": 29, "res": 80868, "hospinf": 35, "area": 1151.3, "cases": 150, "casedens": 0.13028750108572917, "name": "Saale-Orla-Kreis"}, "UH": {"caseres": 89.39676616915423, "diffweek": 1, "severe": 6, "dens": 105.04547356816951, "deceased": 3, "diff": 0, "reldiffweek": 0.9717039800995024, "hosp": 20, "res": 102912, "hospinf": 25, "area": 979.69, "cases": 92, "casedens": 0.09390725637701722, "name": "Unstrut-Hainich-Kreis"}, "EF": {"caseres": 65.5127071254428, "diffweek": 1, "severe": 1, "dens": 791.7416916750027, "deceased": 2, "diff": 0, "reldiffweek": 0.46794790803887715, "hosp": 10, "res": 213699, "hospinf": 19, "area": 269.91, "cases": 140, "casedens": 0.5186914156570708, "name": "Erfurt"}, "WAK": {"caseres": 71.53017679333469, "diffweek": 1, "severe": 4, "dens": 94.09609618797037, "deceased": 2, "diff": 0, "reldiffweek": 0.8128429181060759, "hosp": 8, "res": 123025, "hospinf": 10, "area": 1307.44, "cases": 88, "casedens": 0.06730710395888148, "name": "Wartburgkreis"}, "SOM": {"caseres": 54.5545904816596, "diffweek": 0, "severe": 1, "dens": 86.32848325607912, "deceased": 1, "diff": 0, "reldiffweek": 0.0, "hosp": 4, "res": 69655, "hospinf": 5, "area": 806.86, "cases": 38, "casedens": 0.04709615050938205, "name": "S\u00f6mmerda"}, "IK": {"caseres": 125.98627945044232, "diffweek": 1, "severe": 7, "dens": 128.88551753564613, "deceased": 6, "diff": 0, "reldiffweek": 0.919607879200309, "hosp": 13, "res": 108742, "hospinf": 16, "area": 843.71, "cases": 137, "casedens": 0.16237806829360799, "name": "Ilm-Kreis"}, "KYF": {"caseres": 69.32501433161354, "diffweek": 0, "severe": 1, "dens": 72.26927190218805, "deceased": 0, "diff": 0, "reldiffweek": 0.0, "hosp": 4, "res": 75009, "hospinf": 5, "area": 1037.91, "cases": 52, "casedens": 0.05010068310354462, "name": "Kyffh\u00e4userkreis"}, "EA": {"caseres": 70.80481472740146, "diffweek": 0, "severe": 2, "dens": 406.7389843525007, "deceased": 2, "diff": 0, "reldiffweek": 0.0, "hosp": 11, "res": 42370, "hospinf": 14, "area": 104.17, "cases": 30, "casedens": 0.28799078429490255, "name": "Eisenach"}}, "types": {"caseres": {"id": 8, "unit": "F\u00e4lle / 100&thinsp;000 EW", "color": "#0000D3", "de": "relative Fallzahlen"}, "diffweek": {"color": "#A000FFFF", "unit": "F\u00e4lle", "pm": 1, "de": "Entwicklung zur Vorwoche", "showSum": 1, "id": 2, "unit1": "Fall"}, "severe": {"color": "#D30000", "unit": "F\u00e4lle", "de": "schwere Verl\u00e4ufe", "showSum": 1, "id": 6, "unit1": "Fall"}, "area": {"showSum": 1, "id": 11, "unit": "km\u00b2", "color": "#00A000", "de": "Fl\u00e4che"}, "deceased": {"color": "#333333", "unit": "Verstorbene", "de": "Todesf\u00e4lle", "showSum": 1, "id": 7, "unit1": "Verstorbene(r)"}, "diff": {"color": "#A000FFFF", "unit": "F\u00e4lle", "pm": 1, "de": "Entwicklung zum Vortag", "showSum": 1, "id": 1, "unit1": "Fall"}, "reldiffweek": {"color": "#A000FFFF", "unit": "F\u00e4lle / 100&thinsp;000 EW", "pm": 1, "de": "rel. Entwicklung zur Vorwoche", "id": 3, "unit1": "Fall / 100&thinsp;000 EW"}, "casedens": {"id": 9, "unit": "F\u00e4lle / km\u00b2", "color": "#0000D3", "de": "fl\u00e4chenbezogene F\u00e4lle"}, "res": {"showSum": 1, "id": 10, "unit": "EW", "color": "#00A000", "de": "Einwohner"}, "hospinf": {"color": "#EBE800", "unit": "F\u00e4lle", "de": "station\u00e4re F\u00e4lle mit COVID19", "showSum": 1, "id": 4, "unit1": "Fall"}, "dens": {"id": 12, "unit": "EW / km\u00b2", "color": "#00A000", "de": "Einwohnerdichte"}, "cases": {"color": "#0000d3", "unit": "F\u00e4lle", "de": "Fallzahlen", "showSum": 1, "id": 0, "unit1": "Fall"}, "hosp": {"color": "#FFAD00", "unit": "F\u00e4lle", "de": "station\u00e4re F\u00e4lle wegen COVID19", "showSum": 1, "id": 5, "unit1": "Fall"}}}