{"values": {"KYF": {"dens": 72.26927190218805, "deceased": 0, "name": "Kyffh\u00e4userkreis", "area": 1037.91, "diff": 0, "casedens": 0.05299110712874912, "reldiffweek": 0.0, "caseres": 73.32453438920663, "severe": 1, "hospinf": 5, "cases": 55, "diffweek": 0, "res": 75009}, "SM": {"dens": 101.05225772880824, "deceased": 4, "name": "Schmalkalden-Meiningen", "area": 1210.73, "diff": 2, "casedens": 0.1412371048871342, "reldiffweek": 8.173473808103182, "caseres": 139.7664021185644, "severe": 2, "hospinf": 37, "cases": 171, "diffweek": 10, "res": 122347}, "SOM": {"dens": 86.32848325607912, "deceased": 1, "name": "S\u00f6mmerda", "area": 806.86, "diff": 0, "casedens": 0.05329301241851127, "reldiffweek": 1.4356471179384107, "caseres": 61.73282607135167, "severe": 1, "hospinf": 6, "cases": 43, "diffweek": 1, "res": 69655}, "EIC": {"dens": 106.43960681603699, "deceased": 9, "name": "Eichsfeld", "area": 943.07, "diff": 0, "casedens": 0.1717794013169754, "reldiffweek": 0.0, "caseres": 161.38673042438734, "severe": 8, "hospinf": 34, "cases": 162, "diffweek": 0, "res": 100380}, "IK": {"dens": 128.88551753564613, "deceased": 6, "name": "Ilm-Kreis", "area": 843.71, "diff": 0, "casedens": 0.17660096478647877, "reldiffweek": 4.598039396001545, "caseres": 137.02157400084604, "severe": 7, "hospinf": 17, "cases": 149, "diffweek": 5, "res": 108742}, "G": {"dens": 618.68839532133, "deceased": 22, "name": "Gera", "area": 152.18, "diff": 0, "casedens": 1.7347877513470888, "reldiffweek": 2.12422465799983, "caseres": 280.3976548559776, "severe": 1, "hospinf": 59, "cases": 264, "diffweek": 2, "res": 94152}, "EF": {"dens": 791.7416916750027, "deceased": 2, "name": "Erfurt", "area": 269.91, "diff": 0, "casedens": 0.5298062317068652, "reldiffweek": 0.46794790803887715, "caseres": 66.91655084955943, "severe": 1, "hospinf": 19, "cases": 143, "diffweek": 1, "res": 213699}, "UH": {"dens": 105.04547356816951, "deceased": 3, "name": "Unstrut-Hainich-Kreis", "area": 979.69, "diff": 0, "casedens": 0.09390725637701722, "reldiffweek": 0.0, "caseres": 89.39676616915423, "severe": 4, "hospinf": 25, "cases": 92, "diffweek": 0, "res": 102912}, "WE": {"dens": 770.4782196969696, "deceased": 0, "name": "Weimar", "area": 84.48, "diff": -1, "casedens": 1.0771780303030303, "reldiffweek": 1.5363343063450607, "caseres": 139.80642187740054, "severe": 1, "hospinf": 11, "cases": 91, "diffweek": 1, "res": 65090}, "SLF": {"dens": 102.65725895968264, "deceased": 0, "name": "Saalfeld-Rudolstadt", "area": 1036.03, "diff": 0, "casedens": 0.06949605706398464, "reldiffweek": 0.0, "caseres": 67.69716800180525, "severe": 1, "hospinf": 14, "cases": 72, "diffweek": 0, "res": 106356}, "AP": {"dens": 101.863315433572, "deceased": 4, "name": "Weimarer Land", "area": 804.48, "diff": 0, "casedens": 0.09695704057279236, "reldiffweek": 1.220300926208403, "caseres": 95.18347224425544, "severe": 0, "hospinf": 15, "cases": 78, "diffweek": 1, "res": 81947}, "WAK": {"dens": 94.09609618797037, "deceased": 2, "name": "Wartburgkreis", "area": 1307.44, "diff": 1, "casedens": 0.07495563849966345, "reldiffweek": 4.877057508636456, "caseres": 79.65860597439546, "severe": 3, "hospinf": 11, "cases": 98, "diffweek": 6, "res": 123025}, "EA": {"dens": 406.7389843525007, "deceased": 2, "name": "Eisenach", "area": 104.17, "diff": 1, "casedens": 0.34558894115388306, "reldiffweek": 4.720320981826764, "caseres": 84.96577767288176, "severe": 2, "hospinf": 16, "cases": 36, "diffweek": 2, "res": 42370}, "GRZ": {"dens": 116.02992978557413, "deceased": 48, "name": "Greiz", "area": 845.98, "diff": 0, "casedens": 0.790798836851935, "reldiffweek": 1.01875528479304, "caseres": 681.5472855265436, "severe": 25, "hospinf": 174, "cases": 669, "diffweek": 1, "res": 98159}, "ABG": {"dens": 158.2683526519143, "deceased": 4, "name": "Altenburger Land", "area": 569.4, "diff": 0, "casedens": 0.13874253600280997, "reldiffweek": 0.0, "caseres": 87.66284205153244, "severe": 4, "hospinf": 16, "cases": 79, "diffweek": 0, "res": 90118}, "HBN": {"dens": 67.72340742950918, "deceased": 1, "name": "Hildburghausen", "area": 938.42, "diff": 0, "casedens": 0.08951215873489483, "reldiffweek": 0.0, "caseres": 132.17314682233726, "severe": 3, "hospinf": 33, "cases": 84, "diffweek": 0, "res": 63553}, "J": {"dens": 970.697917574279, "deceased": 3, "name": "Jena", "area": 114.77, "diff": 0, "casedens": 1.4202317678835934, "reldiffweek": 0.0, "caseres": 146.31037547012306, "severe": 5, "hospinf": 17, "cases": 163, "diffweek": 0, "res": 111407}, "SHK": {"dens": 101.87306805357932, "deceased": 3, "name": "Saale-Holzland-Kreis", "area": 815.24, "diff": 0, "casedens": 0.08954418330798293, "reldiffweek": 0.0, "caseres": 87.89779773873884, "severe": 1, "hospinf": 18, "cases": 73, "diffweek": 0, "res": 83051}, "SHL": {"dens": 338.10540619237116, "deceased": 2, "name": "Suhl", "area": 103.03, "diff": 0, "casedens": 0.20382412889449675, "reldiffweek": 0.0, "caseres": 60.28419692837663, "severe": 2, "hospinf": 7, "cases": 21, "diffweek": 0, "res": 34835}, "GTH": {"dens": 144.70130758054867, "deceased": 30, "name": "Gotha", "area": 936.08, "diff": 0, "casedens": 0.3407828390735834, "reldiffweek": 0.0, "caseres": 235.5077813542805, "severe": 12, "hospinf": 68, "cases": 319, "diffweek": 0, "res": 135452}, "SOK": {"dens": 70.24059758533832, "deceased": 12, "name": "Saale-Orla-Kreis", "area": 1151.3, "diff": 1, "casedens": 0.13289325110744377, "reldiffweek": 2.4731661473017756, "caseres": 189.19721026858585, "severe": 2, "hospinf": 35, "cases": 153, "diffweek": 2, "res": 80868}, "NDH": {"dens": 117.41420366998179, "deceased": 2, "name": "Nordhausen", "area": 713.9, "diff": 0, "casedens": 0.0938506793668581, "reldiffweek": 0.0, "caseres": 79.93128295674167, "severe": 10, "hospinf": 22, "cases": 67, "diffweek": 0, "res": 83822}, "SON": {"dens": 129.600332095662, "deceased": 22, "name": "Sonneberg", "area": 433.61, "diff": 0, "casedens": 0.7080095016258849, "reldiffweek": 1.7794860844188198, "caseres": 546.3022279165777, "severe": 6, "hospinf": 54, "cases": 307, "diffweek": 1, "res": 56196}}, "ts": 1596614400, "types": {"dens": {"unit": "EW / km\u00b2", "color": "#00A000", "source": "statistik.thueringen.de", "id": 11, "de": "Einwohnerdichte"}, "deceased": {"showSum": 1, "unit": "Verstorbene", "id": 7, "source": "TMASGFF", "unit1": "Verstorbene(r)", "color": "#333333", "de": "Todesf\u00e4lle"}, "cases": {"showSum": 1, "unit": "F\u00e4lle", "id": 0, "source": "TMASGFF", "unit1": "Fall", "color": "#0000d3", "de": "Fallzahlen"}, "diff": {"showSum": 1, "unit": "F\u00e4lle", "id": 2, "pm": 1, "source": "TMASGFF", "unit1": "Fall", "color": "#A000FFFF", "de": "Entwicklung zum Vortag"}, "caseres": {"unit": "F\u00e4lle / 100&thinsp;000 EW", "color": "#0000D3", "source": "TMASGFF", "id": 1, "de": "F\u00e4lle / 100&thinsp;000 EW"}, "reldiffweek": {"unit": "F\u00e4lle / 100&thinsp;000 EW", "id": 4, "pm": 1, "source": "TMASGFF", "unit1": "Fall / 100&thinsp;000 EW", "color": "#A000FFFF", "de": "7-Tages-Inzidenz"}, "casedens": {"unit": "F\u00e4lle / km\u00b2", "color": "#0000D3", "source": "TMASGFF, statistik.thueringen.de", "id": 8, "de": "fl\u00e4chenbezogene Fallzahlen"}, "severe": {"showSum": 1, "unit": "F\u00e4lle", "id": 6, "source": "TMASGFF", "unit1": "Fall", "color": "#D30000", "de": "schwere Verl\u00e4ufe"}, "hospinf": {"showSum": 1, "unit": "F\u00e4lle", "id": 5, "source": "TMASGFF", "unit1": "Fall", "color": "#FF891D", "de": "station\u00e4re F\u00e4lle mit COVID19"}, "area": {"showSum": 1, "unit": "km\u00b2", "id": 10, "source": "statistik.thueringen.de", "color": "#00A000", "de": "Fl\u00e4che"}, "diffweek": {"showSum": 1, "unit": "F\u00e4lle", "id": 3, "pm": 1, "source": "TMASGFF", "unit1": "Fall", "color": "#A000FFFF", "de": "Entwicklung zur Vorwoche"}, "res": {"showSum": 1, "unit": "EW", "id": 9, "source": "statistik.thueringen.de", "color": "#00A000", "de": "Einwohner"}}}