{"values": {"WE": {"deceased": 92, "deceasedrel": 141.34275618374556, "casedens": 21.30681818181818, "reldiffweek": 67.59870947918267, "diff": 0, "area": 84.48, "dens": 770.4782196969696, "cases": 1800, "caseres": 2765.401751421109, "diffweek": 44, "res": 65090, "hospinf": -1, "name": "Weimar", "severe": -1, "cfr": 5.111111111111111, "deceaseddiffweek": 0}, "SM": {"deceased": 232, "deceasedrel": 189.62459234799383, "casedens": 5.235684256605519, "reldiffweek": 194.52867663285573, "diff": 5, "area": 1210.73, "dens": 101.05225772880824, "cases": 6339, "caseres": 5181.165046956607, "diffweek": 238, "res": 122347, "hospinf": -1, "name": "Schmalkalden-Meiningen", "severe": -1, "cfr": 3.659883262344218, "deceaseddiffweek": 13}, "GRZ": {"deceased": 121, "deceasedrel": 123.26938945995782, "casedens": 4.618312489656966, "reldiffweek": 260.8013529070182, "diff": 17, "area": 845.98, "dens": 116.02992978557413, "cases": 3907, "caseres": 3980.2768976864063, "diffweek": 256, "res": 98159, "hospinf": -1, "name": "Greiz", "severe": -1, "cfr": 3.097005374968006, "deceaseddiffweek": 2}, "EF": {"deceased": 188, "deceasedrel": 87.9742067113089, "casedens": 19.914045422548256, "reldiffweek": 86.10241507915339, "diff": 0, "area": 269.91, "dens": 791.7416916750027, "cases": 5375, "caseres": 2515.2200057089644, "diffweek": 184, "res": 213699, "hospinf": -1, "name": "Erfurt", "severe": -1, "cfr": 3.4976744186046513, "deceaseddiffweek": 0}, "KYF": {"deceased": 101, "deceasedrel": 134.65050860563397, "casedens": 2.2063570059060997, "reldiffweek": 134.65050860563397, "diff": 2, "area": 1037.91, "dens": 72.26927190218805, "cases": 2290, "caseres": 3052.966977296058, "diffweek": 101, "res": 75009, "hospinf": -1, "name": "Kyffh\u00e4userkreis", "severe": -1, "cfr": 4.4104803493449785, "deceaseddiffweek": 2}, "SOM": {"deceased": 90, "deceasedrel": 129.20824061445697, "casedens": 2.887737649654215, "reldiffweek": 137.82212332208744, "diff": 31, "area": 806.86, "dens": 86.32848325607912, "cases": 2330, "caseres": 3345.0577847964973, "diffweek": 96, "res": 69655, "hospinf": -1, "name": "S\u00f6mmerda", "severe": -1, "cfr": 3.8626609442060085, "deceaseddiffweek": 1}, "AP": {"deceased": 49, "deceasedrel": 59.794745384211744, "casedens": 3.1287291169451072, "reldiffweek": 131.7925000305075, "diff": 1, "area": 804.48, "dens": 101.863315433572, "cases": 2517, "caseres": 3071.4974312665504, "diffweek": 108, "res": 81947, "hospinf": -1, "name": "Weimarer Land", "severe": -1, "cfr": 1.946762018275725, "deceaseddiffweek": 45}, "HBN": {"deceased": 192, "deceasedrel": 302.11004987962804, "casedens": 4.201743355853456, "reldiffweek": 229.72951709596714, "diff": 0, "area": 938.42, "dens": 67.72340742950918, "cases": 3943, "caseres": 6204.270451434236, "diffweek": 146, "res": 63553, "hospinf": -1, "name": "Hildburghausen", "severe": -1, "cfr": 4.8693887902612225, "deceaseddiffweek": 13}, "GTH": {"deceased": 149, "deceasedrel": 110.00206715293977, "casedens": 4.877788223228784, "reldiffweek": 115.16994950240675, "diff": 19, "area": 936.08, "dens": 144.70130758054867, "cases": 4566, "caseres": 3370.935829666598, "diffweek": 156, "res": 135452, "hospinf": -1, "name": "Gotha", "severe": -1, "cfr": 3.2632501095050372, "deceaseddiffweek": 5}, "EIC": {"deceased": 146, "deceasedrel": 145.44730025901575, "casedens": 4.627440168810375, "reldiffweek": 162.38294480972306, "diff": 5, "area": 943.07, "dens": 106.43960681603699, "cases": 4364, "caseres": 4347.4795776051005, "diffweek": 163, "res": 100380, "hospinf": -1, "name": "Eichsfeld", "severe": -1, "cfr": 3.3455545371219064, "deceaseddiffweek": 2}, "G": {"deceased": 119, "deceasedrel": 126.3913671509899, "casedens": 20.863451176238662, "reldiffweek": 89.21743563599286, "diff": 0, "area": 152.18, "dens": 618.68839532133, "cases": 3175, "caseres": 3372.20664457473, "diffweek": 84, "res": 94152, "hospinf": -1, "name": "Gera", "severe": -1, "cfr": 3.748031496062992, "deceaseddiffweek": 1}, "ABG": {"deceased": 209, "deceasedrel": 231.91815175658581, "casedens": 8.579206181945908, "reldiffweek": 123.17184136354557, "diff": 17, "area": 569.4, "dens": 158.2683526519143, "cases": 4885, "caseres": 5420.670676224506, "diffweek": 111, "res": 90118, "hospinf": -1, "name": "Altenburger Land", "severe": -1, "cfr": 4.278403275332651, "deceaseddiffweek": 6}, "SLF": {"deceased": 213, "deceasedrel": 200.27078867200723, "casedens": 4.396590832311806, "reldiffweek": 130.69314378126293, "diff": 0, "area": 1036.03, "dens": 102.65725895968264, "cases": 4555, "caseres": 4282.786114558652, "diffweek": 139, "res": 106356, "hospinf": -1, "name": "Saalfeld-Rudolstadt", "severe": -1, "cfr": 4.676180021953897, "deceaseddiffweek": 4}, "WAK": {"deceased": 146, "deceasedrel": 118.67506604348709, "casedens": 3.2988129474392704, "reldiffweek": 239.78866084129243, "diff": 10, "area": 1307.44, "dens": 94.09609618797037, "cases": 4313, "caseres": 3505.7915057915056, "diffweek": 295, "res": 123025, "hospinf": -1, "name": "Wartburgkreis", "severe": -1, "cfr": 3.3851147693021097, "deceaseddiffweek": 2}, "IK": {"deceased": 147, "deceasedrel": 135.18235824244542, "casedens": 4.246719844496331, "reldiffweek": 142.5392212760479, "diff": 28, "area": 843.71, "dens": 128.88551753564613, "cases": 3583, "caseres": 3294.9550311747075, "diffweek": 155, "res": 108742, "hospinf": -1, "name": "Ilm-Kreis", "severe": -1, "cfr": 4.102707228579403, "deceaseddiffweek": 8}, "SHK": {"deceased": 79, "deceasedrel": 95.12227426521054, "casedens": 3.6529120259064816, "reldiffweek": 111.97938616031114, "diff": 3, "area": 815.24, "dens": 101.87306805357932, "cases": 2978, "caseres": 3585.748515972113, "diffweek": 93, "res": 83051, "hospinf": -1, "name": "Saale-Holzland-Kreis", "severe": -1, "cfr": 2.6527871054398924, "deceaseddiffweek": 1}, "UH": {"deceased": 202, "deceasedrel": 196.28420398009953, "casedens": 4.872970021129133, "reldiffweek": 147.69900497512438, "diff": 7, "area": 979.69, "dens": 105.04547356816951, "cases": 4774, "caseres": 4638.914800995025, "diffweek": 152, "res": 102912, "hospinf": -1, "name": "Unstrut-Hainich-Kreis", "severe": -1, "cfr": 4.231252618349393, "deceaseddiffweek": 7}, "SOK": {"deceased": 91, "deceasedrel": 112.52905970223081, "casedens": 3.3205941110049513, "reldiffweek": 201.56304100509473, "diff": 16, "area": 1151.3, "dens": 70.24059758533832, "cases": 3823, "caseres": 4727.4570905673445, "diffweek": 163, "res": 80868, "hospinf": -1, "name": "Saale-Orla-Kreis", "severe": -1, "cfr": 2.3803295840962595, "deceaseddiffweek": 3}, "SHL": {"deceased": 86, "deceasedrel": 246.87813980192337, "casedens": 13.442686596137047, "reldiffweek": 209.55935122721402, "diff": 19, "area": 103.03, "dens": 338.10540619237116, "cases": 1385, "caseres": 3975.886321228649, "diffweek": 73, "res": 34835, "hospinf": -1, "name": "Suhl", "severe": -1, "cfr": 6.209386281588448, "deceaseddiffweek": 2}, "EA": {"deceased": 48, "deceasedrel": 113.28770356384234, "casedens": 10.11807622156091, "reldiffweek": 82.60561718196837, "diff": 1, "area": 104.17, "dens": 406.7389843525007, "cases": 1054, "caseres": 2487.609157422705, "diffweek": 35, "res": 42370, "hospinf": -1, "name": "Eisenach", "severe": -1, "cfr": 4.554079696394687, "deceaseddiffweek": 1}, "NDH": {"deceased": 44, "deceasedrel": 52.49218582233782, "casedens": 2.3952934584675725, "reldiffweek": 56.07119849204267, "diff": 13, "area": 713.9, "dens": 117.41420366998179, "cases": 1710, "caseres": 2040.037221731765, "diffweek": 47, "res": 83822, "hospinf": -1, "name": "Nordhausen", "severe": -1, "cfr": 2.573099415204678, "deceaseddiffweek": 1}, "SON": {"deceased": 142, "deceasedrel": 252.68702398747243, "casedens": 6.406678812758008, "reldiffweek": 108.54865114954802, "diff": 0, "area": 433.61, "dens": 129.600332095662, "cases": 2778, "caseres": 4943.412342515482, "diffweek": 61, "res": 56196, "hospinf": -1, "name": "Sonneberg", "severe": -1, "cfr": 5.111591072714183, "deceaseddiffweek": 0}, "J": {"deceased": 59, "deceasedrel": 52.958970262191784,