{"values": {"GRZ": {"diff": 10, "diffweek": 68, "casedens": 1.120593867467316, "res": 98159, "cases": 948, "reldiffweek": 69.2753593659267, "area": 845.98, "deceased": 48, "dens": 116.02992978557413, "caseres": 965.7800099838017, "severe": 28, "hospinf": 202, "name": "Greiz"}, "HBN": {"diff": 21, "diffweek": 194, "casedens": 0.5434666780332901, "res": 63553, "cases": 510, "reldiffweek": 305.2570295658742, "area": 938.42, "deceased": 4, "dens": 67.72340742950918, "caseres": 802.4798199927619, "severe": 3, "hospinf": 86, "name": "Hildburghausen"}, "SLF": {"diff": 16, "diffweek": 110, "casedens": 0.3416889472312578, "res": 106356, "cases": 354, "reldiffweek": 103.42622889164693, "area": 1036.03, "deceased": 4, "dens": 102.65725895968264, "caseres": 332.8444093422092, "severe": 2, "hospinf": -1, "name": "Saalfeld-Rudolstadt"}, "SOM": {"diff": 0, "diffweek": 61, "casedens": 0.371811714547753, "res": 69655, "cases": 300, "reldiffweek": 87.57447419424305, "area": 806.86, "deceased": 2, "dens": 86.32848325607912, "caseres": 430.6941353815232, "severe": 5, "hospinf": 23, "name": "S\u00f6mmerda"}, "NDH": {"diff": 9, "diffweek": 34, "casedens": 0.2899565765513377, "res": 83822, "cases": 207, "reldiffweek": 40.56214358998831, "area": 713.9, "deceased": 2, "dens": 117.41420366998179, "caseres": 246.9518742096347, "severe": 10, "hospinf": 33, "name": "Nordhausen"}, "SHL": {"diff": 2, "diffweek": 19, "casedens": 0.9997088226730079, "res": 34835, "cases": 103, "reldiffweek": 54.542844839959805, "area": 103.03, "deceased": 2, "dens": 338.10540619237116, "caseres": 295.6796325534663, "severe": 2, "hospinf": 17, "name": "Suhl"}, "UH": {"diff": 0, "diffweek": 182, "casedens": 0.5093447927405608, "res": 102912, "cases": 499, "reldiffweek": 176.85012437810946, "area": 979.69, "deceased": 9, "dens": 105.04547356816951, "caseres": 484.8802860696518, "severe": 9, "hospinf": 59, "name": "Unstrut-Hainich-Kreis"}, "SOK": {"diff": 0, "diffweek": 38, "casedens": 0.310952835924607, "res": 80868, "cases": 358, "reldiffweek": 46.990156798733736, "area": 1151.3, "deceased": 12, "dens": 70.24059758533832, "caseres": 442.69674036701787, "severe": 3, "hospinf": 49, "name": "Saale-Orla-Kreis"}, "G": {"diff": 7, "diffweek": 72, "casedens": 4.021553423577342, "res": 94152, "cases": 612, "reldiffweek": 76.47208768799389, "area": 152.18, "deceased": 26, "dens": 618.68839532133, "caseres": 650.012745347948, "severe": 2, "hospinf": 92, "name": "Gera"}, "SM": {"diff": 0, "diffweek": 112, "casedens": 0.5467775639490224, "res": 122347, "cases": 662, "reldiffweek": 91.54290665075564, "area": 1210.73, "deceased": 12, "dens": 101.05225772880824, "caseres": 541.0839660964307, "severe": 6, "hospinf": 83, "name": "Schmalkalden-Meiningen"}, "AP": {"diff": 0, "diffweek": 72, "casedens": 0.5071599045346062, "res": 81947, "cases": 408, "reldiffweek": 87.86166668700503, "area": 804.48, "deceased": 7, "dens": 101.863315433572, "caseres": 497.8827778930284, "severe": 0, "hospinf": 38, "name": "Weimarer Land"}, "IK": {"diff": 10, "diffweek": 116, "casedens": 0.5475815149755248, "res": 108742, "cases": 462, "reldiffweek": 106.67451398723585, "area": 843.71, "deceased": 7, "dens": 128.88551753564613, "caseres": 424.85884019054276, "severe": 7, "hospinf": 24, "name": "Ilm-Kreis"}, "EIC": {"diff": 6, "diffweek": 121, "casedens": 0.6807554052191247, "res": 100380, "cases": 642, "reldiffweek": 120.54194062562263, "area": 943.07, "deceased": 16, "dens": 106.43960681603699, "caseres": 639.569635385535, "severe": 10, "hospinf": 71, "name": "Eichsfeld"}, "WE": {"diff": 8, "diffweek": 46, "casedens": 4.367897727272727, "res": 65090, "cases": 369, "reldiffweek": 70.67137809187278, "area": 84.48, "deceased": 0, "dens": 770.4782196969696, "caseres": 566.9073590413274, "severe": 1, "hospinf": 25, "name": "Weimar"}, "ABG": {"diff": 21, "diffweek": 131, "casedens": 0.9747102212855638, "res": 90118, "cases": 555, "reldiffweek": 145.36496593355378, "area": 569.4, "deceased": 4, "dens": 158.2683526519143, "caseres": 615.8592068177279, "severe": 4, "hospinf": 47, "name": "Altenburger Land"}, "SHK": {"diff": 14, "diffweek": 109, "casedens": 0.555664589568716, "res": 83051, "cases": 453, "reldiffweek": 131.24465689756894, "area": 815.24, "deceased": 10, "dens": 101.87306805357932, "caseres": 545.4479777486123, "severe": 2, "hospinf": 46, "name": "Saale-Holzland-Kreis"}, "J": {"diff": 8, "diffweek": 80, "casedens": 4.548226888559729, "res": 111407, "cases": 522, "reldiffweek": 71.80877323687021, "area": 114.77, "deceased": 4, "dens": 970.697917574279, "caseres": 468.55224537057813, "severe": 8, "hospinf": 38, "name": "Jena"}, "SON": {"diff": 15, "diffweek": 68, "casedens": 1.120822859251401, "res": 56196, "cases": 486, "reldiffweek": 121.00505374047975, "area": 433.61, "deceased": 29, "dens": 129.600332095662, "caseres": 864.8302370275464, "severe": 8, "hospinf": 81, "name": "Sonneberg"}, "GTH": {"diff": 10, "diffweek": 99, "casedens": 0.6837022476711392, "res": 135452, "cases": 640, "reldiffweek": 73.0886217996043, "area": 936.08, "deceased": 31, "dens": 144.70130758054867, "caseres": 472.4921005226944, "severe": 14, "hospinf": 111, "name": "Gotha"}, "EA": {"diff": 0, "diffweek": 21, "casedens": 0.9695689737928386, "res": 42370, "cases": 101, "reldiffweek": 49.563370309181025, "area": 104.17, "deceased": 5, "dens": 406.7389843525007, "caseres": 238.3762095822516, "severe": 2, "hospinf": 21, "name": "Eisenach"}, "EF": {"diff": -959, "diffweek": -756, "casedens": 0.0037049386832647916, "res": 213699, "cases": 1, "reldiffweek": -353.7686184773911, "area": 269.91, "deceased": 14, "dens": 791.7416916750027, "caseres": 0.46794790803887715, "severe": 4, "hospinf": 114, "name": "Erfurt"}, "KYF": {"diff": 6, "diffweek": 90, "casedens": 0.24761299149251859, "res": 75009, "cases": 257, "reldiffweek": 119.98560172779267, "area": 1037.91, "deceased": 3, "dens": 72.26927190218805, "caseres": 342.6255516004746, "severe": 2, "hospinf": 17, "name": "Kyffh\u00e4userkreis"}, "WAK": {"diff": 0, "diffweek": 46, "casedens": 0.23098574313161596, "res": 123025, "cases": 302, "reldiffweek": 37.390774232879494, "area": 1307.44, "deceased": 3, "dens": 94.09609618797037, "caseres": 245.47856126803498, "severe": 5, "hospinf": 28, "name": "Wartburgkreis"}}, "ts": 1605430800, "types": {"diff": {"source": "TMASGFF", "color": "#A000FFFF", "pm": 1, "showSum": 1, "unit": "F\u00e4lle", "de": "Entwicklung zum Vortag", "id": 2, "unit1": "Fall"}, "diffweek": {"source": "TMASGFF", "color": "#A000FFFF", "pm": 1, "showSum": 1, "unit": "F\u00e4lle", "de": "Entwicklung zur Vorwoche", "id": 3, "unit1": "Fall"}, "caseres": {"source": "TMASGFF", "color": "#0000D3", "de": "F\u00e4lle / 100&thinsp;000 EW", "unit": "F\u00e4lle / 100&thinsp;000 EW", "id": 1}, "res": {"source": "statistik.thueringen.de", "color": "#00A000", "showSum": 1, "unit": "EW", "de": "Einwohner", "id": 9}, "cases": {"source": "TMASGFF", "color": "#0000d3", "showSum": 1, "unit": "F\u00e4lle", "de": "Fallzahlen", "id": 0, "unit1": "Fall"}, "reldiffweek": {"source": "TMASGFF", "color": "#A000FFFF", "pm": 1, "unit": "F\u00e4lle / 100&thinsp;000 EW", "de": "7-Tages-Inzidenz", "id": 4, "unit1": "Fall / 100&thinsp;000 EW"}, "area": {"source": "statistik.thueringen.de", "color": "#00A000", "showSum": 1, "unit": "km\u00b2", "de": "Fl\u00e4che", "id": 10}, "deceased": {"source": "TMASGFF", "color": "#333333", "showSum": 1, "unit": "Verstorbene", "de": "Todesf\u00e4lle", "id": 7, "unit1": "Verstorbene(r)"}, "dens": {"source": "statistik.thueringen.de", "color": "#00A000", "de": "Einwohnerdichte", "unit": "EW / km\u00b2", "id": 11}, "casedens": {"source": "TMASGFF, statistik.thueringen.de", "color": "#0000D3", "de": "fl\u00e4chenbezogene Fallzahlen", "unit": "F\u00e4lle / km\u00b2", "id": 8}, "severe": {"source": "TMASGFF", "color": "#D30000", "showSum": 1, "unit": "F\u00e4lle", "de": "schwere Verl\u00e4ufe", "id": 6, "unit1": "Fall"}, "hospinf": {"source": "TMASGFF", "color": "#FF891D", "showSum": 1,