{"values": {"SLF": {"serv": 5, "cases": 51, "dens": 102.65725895968264, "hosp": 6, "death": 0, "area": 1036.03, "casedens": 0.04922637375365578, "diff": 3, "caseres": 47.95216066794539, "res": 106356, "name": "Saalfeld-Rudolstadt"}, "SHL": {"serv": 4, "cases": 11, "dens": 338.10540619237116, "hosp": 4, "death": 2, "area": 103.03, "casedens": 0.10676501989711734, "diff": 1, "caseres": 31.57743648629252, "res": 34835, "name": "Suhl"}, "NDH": {"serv": 3, "cases": 21, "dens": 117.41420366998179, "hosp": 4, "death": 1, "area": 713.9, "casedens": 0.029415884577671945, "diff": 0, "caseres": 25.053088687933954, "res": 83822, "name": "Nordhausen"}, "HBN": {"serv": 2, "cases": 11, "dens": 67.72340742950918, "hosp": 2, "death": 0, "area": 938.42, "casedens": 0.011721830310521942, "diff": 4, "caseres": 17.30838827435369, "res": 63553, "name": "Hildburghausen"}, "WAK": {"serv": 3, "cases": 28, "dens": 94.09609618797037, "hosp": 3, "death": 1, "area": 1307.44, "casedens": 0.021415896714189562, "diff": 0, "caseres": 22.759601706970127, "res": 123025, "name": "Wartburgkreis"}, "G": {"serv": 3, "cases": 37, "dens": 618.68839532133, "hosp": 3, "death": 0, "area": 152.18, "casedens": 0.24313313181758442, "diff": 1, "caseres": 39.298156172996855, "res": 94152, "name": "Gera"}, "IK": {"serv": 8, "cases": 97, "dens": 128.88551753564613, "hosp": 9, "death": 4, "area": 843.71, "casedens": 0.11496841331737208, "diff": 4, "caseres": 89.20196428242997, "res": 108742, "name": "Ilm-Kreis"}, "EF": {"serv": 7, "cases": 97, "dens": 791.7416916750027, "hosp": 11, "death": 1, "area": 269.91, "casedens": 0.35937905227668476, "diff": 1, "caseres": 45.390947079771074, "res": 213699, "name": "Erfurt"}, "UH": {"serv": 4, "cases": 35, "dens": 105.04547356816951, "hosp": 5, "death": 0, "area": 979.69, "casedens": 0.03572558666516959, "diff": 0, "caseres": 34.00963930348259, "res": 102912, "name": "Unstrut-Hainich-Kreis"}, "ABG": {"serv": 4, "cases": 31, "dens": 158.2683526519143, "hosp": 5, "death": 2, "area": 569.4, "casedens": 0.054443273621355814, "diff": 0, "caseres": 34.39934308351273, "res": 90118, "name": "Altenburger Land"}, "EIC": {"serv": 8, "cases": 71, "dens": 106.43960681603699, "hosp": 8, "death": 2, "area": 943.07, "casedens": 0.07528603391052625, "diff": 3, "caseres": 70.73122135883642, "res": 100380, "name": "Eichsfeld"}, "EA": {"serv": 3, "cases": 9, "dens": 406.7389843525007, "hosp": 4, "death": 2, "area": 104.17, "casedens": 0.08639723528847076, "diff": 1, "caseres": 21.24144441822044, "res": 42370, "name": "Eisenach"}, "AP": {"serv": 8, "cases": 54, "dens": 101.863315433572, "hosp": 11, "death": 0, "area": 804.48, "casedens": 0.06712410501193317, "diff": 1, "caseres": 65.89625001525376, "res": 81947, "name": "Weimarer Land"}, "SOK": {"serv": 11, "cases": 68, "dens": 70.24059758533832, "hosp": 13, "death": 0, "area": 1151.3, "casedens": 0.059063667158863895, "diff": 0, "caseres": 84.08764900826039, "res": 80868, "name": "Saale-Orla-Kreis"}, "SOM": {"serv": 4, "cases": 30, "dens": 86.32848325607912, "hosp": 4, "death": 1, "area": 806.86, "casedens": 0.0371811714547753, "diff": 0, "caseres": 43.069413538152325, "res": 69655, "name": "S\u00f6mmerda"}, "SHK": {"serv": 1, "cases": 46, "dens": 101.87306805357932, "hosp": 3, "death": 0, "area": 815.24, "casedens": 0.05642510181050979, "diff": 1, "caseres": 55.38765336961626, "res": 83051, "name": "Saale-Holzland-Kreis"}, "SM": {"serv": 1, "cases": 36, "dens": 101.05225772880824, "hosp": 1, "death": 1, "area": 1210.73, "casedens": 0.029734127344659834, "diff": 0, "caseres": 29.424505709171456, "res": 122347, "name": "Schmalkalden-Meiningen"}, "J": {"serv": 8, "cases": 137, "dens": 970.697917574279, "hosp": 12, "death": 0, "area": 114.77, "casedens": 1.1936917312886643, "diff": 1, "caseres": 122.97252416814024, "res": 111407, "name": "Jena"}, "SON": {"serv": 4, "cases": 36, "dens": 129.600332095662, "hosp": 4, "death": 1, "area": 433.61, "casedens": 0.08302391550010378, "diff": 1, "caseres": 64.0614990390775, "res": 56196, "name": "Sonneberg"}, "GRZ": {"serv": 37, "cases": 201, "dens": 116.02992978557413, "hosp": 43, "death": 8, "area": 845.98, "casedens": 0.23759426936807015, "diff": 7, "caseres": 204.76981224340102, "res": 98159, "name": "Greiz"}, "WE": {"serv": 7, "cases": 48, "dens": 770.4782196969696, "hosp": 9, "death": 0, "area": 84.48, "casedens": 0.5681818181818181, "diff": 2, "caseres": 73.74404670456292, "res": 65090, "name": "Weimar"}, "KYF": {"serv": 1, "cases": 27, "dens": 72.26927190218805, "hosp": 1, "death": 0, "area": 1037.91, "casedens": 0.026013816226840476, "diff": 0, "caseres": 35.9956805183378, "res": 75009, "name": "Kyffh\u00e4userkreis"}, "GTH": {"serv": 6, "cases": 40, "dens": 144.70130758054867, "hosp": 9, "death": 0, "area": 936.08, "casedens": 0.0427313904794462, "diff": 3, "caseres": 29.5307562826684, "res": 135452, "name": "Gotha"}}, "ts": 1586246400, "types": {"serv": {"id": 3, "color": "#D30000", "unit": "F\u00e4lle", "de": "Schwere Fallverl\u00e4ufe"}, "cases": {"id": 0, "color": "#0000d3", "unit": "F\u00e4lle", "de": "Fallzahlen"}, "hosp": {"id": 2, "color": "#FFAD00", "unit": "F\u00e4lle", "de": "Station\u00e4re F\u00e4lle"}, "dens": {"id": 9, "color": "#00A000", "unit": "EW / km\u00b2", "de": "Einwohnerdichte"}, "area": {"id": 7, "color": "#00A000", "unit": "km\u00b2", "de": "Fl\u00e4che"}, "casedens": {"id": 5, "color": "#0000D3", "unit": "F\u00e4lle / km\u00b2", "de": "Fl\u00e4chenbezogene F\u00e4lle"}, "diff": {"id": 1, "pm": 1, "color": "#A000FFFF", "unit": "F\u00e4lle / Tag", "de": "Entwicklung der Fallzahlen"}, "caseres": {"id": 6, "color": "#0000D3", "unit": "F\u00e4lle / 100.000 EW", "de": "relative Fallzahlen"}, "res": {"id": 8, "color": "#00A000", "unit": "EW", "de": "Einwohner"}, "death": {"id": 4, "color": "#333333", "unit": "F\u00e4lle", "de": "Verstorbene"}}}