{"values": {"AP": {"area": 804.48, "reldiffweek": 4.881203704833612, "caseres": 100.06467594908905, "cases": 82, "diffweek": 4, "severe": 0, "dens": 101.863315433572, "casedens": 0.10192919649960222, "res": 81947, "name": "Weimarer Land", "diff": 0, "deceased": 4, "hospinf": 16}, "EIC": {"area": 943.07, "reldiffweek": 0.9962143853357243, "caseres": 162.38294480972306, "cases": 163, "diffweek": 1, "severe": 8, "dens": 106.43960681603699, "casedens": 0.17283976799177156, "res": 100380, "name": "Eichsfeld", "diff": 0, "deceased": 9, "hospinf": 34}, "SLF": {"area": 1036.03, "reldiffweek": 0.0, "caseres": 67.69716800180525, "cases": 72, "diffweek": 0, "severe": 1, "dens": 102.65725895968264, "casedens": 0.06949605706398464, "res": 106356, "name": "Saalfeld-Rudolstadt", "diff": 0, "deceased": 0, "hospinf": 14}, "ABG": {"area": 569.4, "reldiffweek": 0.0, "caseres": 87.66284205153244, "cases": 79, "diffweek": 0, "severe": 4, "dens": 158.2683526519143, "casedens": 0.13874253600280997, "res": 90118, "name": "Altenburger Land", "diff": 0, "deceased": 4, "hospinf": 16}, "SHL": {"area": 103.03, "reldiffweek": 0.0, "caseres": 60.28419692837663, "cases": 21, "diffweek": 0, "severe": 2, "dens": 338.10540619237116, "casedens": 0.20382412889449675, "res": 34835, "name": "Suhl", "diff": 0, "deceased": 2, "hospinf": 7}, "WAK": {"area": 1307.44, "reldiffweek": 0.0, "caseres": 79.65860597439546, "cases": 98, "diffweek": 0, "severe": 3, "dens": 94.09609618797037, "casedens": 0.07495563849966345, "res": 123025, "name": "Wartburgkreis", "diff": 0, "deceased": 2, "hospinf": 11}, "EF": {"area": 269.91, "reldiffweek": 5.615374896466525, "caseres": 72.53192574602595, "cases": 155, "diffweek": 12, "severe": 1, "dens": 791.7416916750027, "casedens": 0.5742654959060427, "res": 213699, "name": "Erfurt", "diff": 2, "deceased": 2, "hospinf": 20}, "GRZ": {"area": 845.98, "reldiffweek": 6.112531708758239, "caseres": 687.659817235302, "cases": 675, "diffweek": 6, "severe": 25, "dens": 116.02992978557413, "casedens": 0.7978912031017281, "res": 98159, "name": "Greiz", "diff": 5, "deceased": 48, "hospinf": 174}, "UH": {"area": 979.69, "reldiffweek": 0.0, "caseres": 89.39676616915423, "cases": 92, "diffweek": 0, "severe": 4, "dens": 105.04547356816951, "casedens": 0.09390725637701722, "res": 102912, "name": "Unstrut-Hainich-Kreis", "diff": 0, "deceased": 3, "hospinf": 25}, "WE": {"area": 84.48, "reldiffweek": 4.609002919035182, "caseres": 144.4154247964357, "cases": 94, "diffweek": 3, "severe": 1, "dens": 770.4782196969696, "casedens": 1.1126893939393938, "res": 65090, "name": "Weimar", "diff": 0, "deceased": 0, "hospinf": 11}, "SM": {"area": 1210.73, "reldiffweek": 6.538779046482546, "caseres": 146.30518116504697, "cases": 179, "diffweek": 8, "severe": 2, "dens": 101.05225772880824, "casedens": 0.14784468874150306, "res": 122347, "name": "Schmalkalden-Meiningen", "diff": 5, "deceased": 5, "hospinf": 40}, "KYF": {"area": 1037.91, "reldiffweek": 0.0, "caseres": 73.32453438920663, "cases": 55, "diffweek": 0, "severe": 1, "dens": 72.26927190218805, "casedens": 0.05299110712874912, "res": 75009, "name": "Kyffh\u00e4userkreis", "diff": 0, "deceased": 0, "hospinf": 5}, "HBN": {"area": 938.42, "reldiffweek": 4.720469529369188, "caseres": 136.89361635170644, "cases": 87, "diffweek": 3, "severe": 3, "dens": 67.72340742950918, "casedens": 0.09270902154685536, "res": 63553, "name": "Hildburghausen", "diff": 0, "deceased": 1, "hospinf": 35}, "IK": {"area": 843.71, "reldiffweek": 3.678431516801236, "caseres": 140.70000551764727, "cases": 153, "diffweek": 4, "severe": 7, "dens": 128.88551753564613, "casedens": 0.18134193028410234, "res": 108742, "name": "Ilm-Kreis", "diff": 1, "deceased": 6, "hospinf": 17}, "SOK": {"area": 1151.3, "reldiffweek": 7.419498441905327, "caseres": 196.6167087104912, "cases": 159, "diffweek": 6, "severe": 2, "dens": 70.24059758533832, "casedens": 0.13810475115087292, "res": 80868, "name": "Saale-Orla-Kreis", "diff": 3, "deceased": 12, "hospinf": 35}, "G": {"area": 152.18, "reldiffweek": 4.24844931599966, "caseres": 284.64610417197724, "cases": 268, "diffweek": 4, "severe": 1, "dens": 618.68839532133, "casedens": 1.7610724142462872, "res": 94152, "name": "Gera", "diff": 1, "deceased": 22, "hospinf": 59}, "EA": {"area": 104.17, "reldiffweek": 0.0, "caseres": 84.96577767288176, "cases": 36, "diffweek": 0, "severe": 2, "dens": 406.7389843525007, "casedens": 0.34558894115388306, "res": 42370, "name": "Eisenach", "diff": 0, "deceased": 3, "hospinf": 16}, "SHK": {"area": 815.24, "reldiffweek": 0.0, "caseres": 87.89779773873884, "cases": 73, "diffweek": 0, "severe": 1, "dens": 101.87306805357932, "casedens": 0.08954418330798293, "res": 83051, "name": "Saale-Holzland-Kreis", "diff": 0, "deceased": 3, "hospinf": 18}, "GTH": {"area": 936.08, "reldiffweek": 4.42961344240026, "caseres": 239.93739479668073, "cases": 325, "diffweek": 6, "severe": 12, "dens": 144.70130758054867, "casedens": 0.3471925476455004, "res": 135452, "name": "Gotha", "diff": 2, "deceased": 30, "hospinf": 69}, "NDH": {"area": 713.9, "reldiffweek": 1.1930042232349503, "caseres": 81.12428717997662, "cases": 68, "diffweek": 1, "severe": 10, "dens": 117.41420366998179, "casedens": 0.09525143577531868, "res": 83822, "name": "Nordhausen", "diff": 0, "deceased": 2, "hospinf": 22}, "J": {"area": 114.77, "reldiffweek": 0.8976096654608777, "caseres": 147.20798513558393, "cases": 164, "diffweek": 1, "severe": 5, "dens": 970.697917574279, "casedens": 1.4289448462141676, "res": 111407, "name": "Jena", "diff": 1, "deceased": 3, "hospinf": 17}, "SON": {"area": 433.61, "reldiffweek": 5.3384582532564595, "caseres": 551.6406861698342, "cases": 310, "diffweek": 3, "severe": 6, "dens": 129.600332095662, "casedens": 0.7149281612508936, "res": 56196, "name": "Sonneberg", "diff": 1, "deceased": 22, "hospinf": 54}, "SOM": {"area": 806.86, "reldiffweek": 1.4356471179384107, "caseres": 63.168473189290076, "cases": 44, "diffweek": 1, "severe": 1, "dens": 86.32848325607912, "casedens": 0.054532384800337105, "res": 69655, "name": "S\u00f6mmerda", "diff": 0, "deceased": 1, "hospinf": 6}}, "types": {"area": {"color": "#00A000", "id": 10, "source": "statistik.thueringen.de", "showSum": 1, "de": "Fl\u00e4che", "unit": "km\u00b2"}, "reldiffweek": {"pm": 1, "unit1": "Fall / 100&thinsp;000 EW", "color": "#A000FFFF", "id": 4, "source": "TMASGFF", "de": "7-Tages-Inzidenz", "unit": "F\u00e4lle / 100&thinsp;000 EW"}, "caseres": {"color": "#0000D3", "id": 1, "source": "TMASGFF", "de": "F\u00e4lle / 100&thinsp;000 EW", "unit": "F\u00e4lle / 100&thinsp;000 EW"}, "cases": {"unit1": "Fall", "color": "#0000d3", "id": 0, "source": "TMASGFF", "showSum": 1, "de": "Fallzahlen", "unit": "F\u00e4lle"}, "diffweek": {"pm": 1, "unit1": "Fall", "color": "#A000FFFF", "id": 3, "source": "TMASGFF", "showSum": 1, "de": "Entwicklung zur Vorwoche", "unit": "F\u00e4lle"}, "severe": {"unit1": "Fall", "color": "#D30000", "id": 6, "source": "TMASGFF", "showSum": 1, "de": "schwere Verl\u00e4ufe", "unit": "F\u00e4lle"}, "dens": {"color": "#00A000", "id": 11, "source": "statistik.thueringen.de", "de": "Einwohnerdichte", "unit": "EW / km\u00b2"}, "casedens": {"color": "#0000D3", "id": 8, "source": "TMASGFF, statistik.thueringen.de", "de": "fl\u00e4chenbezogene Fallzahlen", "unit": "F\u00e4lle / km\u00b2"}, "res": {"color": "#00A000", "id": 9, "source": "statistik.thueringen.de", "showSum": 1, "de": "Einwohner", "unit": "EW"}, "diff": {"pm": 1, "unit1": "Fall", "color": "#A000FFFF", "id": 2, "source": "TMASGFF", "showSum": 1, "de": "Entwicklung zum Vortag", "unit": "F\u00e4lle"}, "deceased": {"unit1": "Verstorbene(r)", "color": "#333333", "id": 7, "source": "TMASGFF", "showSum": 1, "de": "Todesf\u00e4lle", "unit": "Verstorbene"}, "hospinf": {"unit1": "Fall", "color": "#FF891D", "id": 5, "source": "TMASGFF", "showSum": 1, "de": "station\u00e4re F\u00e4lle mit COVID19", "unit": "F\u00e4lle"}}, "ts": 1597219200}