{"values": {"NDH": {"area": 713.9, "deceaseddiffweek": 0, "diff": 0, "casedens": 4.303123686790867, "cases": 3072, "diffweek": 29, "caseres": 3664.9089737777676, "res": 83822, "deceased": 70, "dens": 117.41420366998179, "cfr": 2.2786458333333335, "name": "Nordhausen", "deceasedrel": 83.51029562644652, "incidence": 34.77}, "KYF": {"area": 1037.91, "deceaseddiffweek": 0, "diff": 3, "casedens": 3.6592768159088935, "cases": 3798, "diffweek": 40, "caseres": 5063.3923929128505, "res": 75009, "deceased": 145, "dens": 72.26927190218805, "cfr": 3.817798841495524, "name": "Kyffh\u00e4userkreis", "deceasedrel": 193.3101361169993, "incidence": 53.9}, "EIC": {"area": 943.07, "deceaseddiffweek": 0, "diff": 0, "casedens": 6.860572385931055, "cases": 6470, "diffweek": 53, "caseres": 6445.507073122137, "res": 100380, "deceased": 250, "dens": 106.43960681603699, "cfr": 3.8639876352395675, "name": "Eichsfeld", "deceasedrel": 249.05359633393107, "incidence": 53.0}, "WE": {"area": 84.48, "deceaseddiffweek": 0, "diff": 0, "casedens": 32.93087121212121, "cases": 2782, "diffweek": 35, "caseres": 4274.0820402519585, "res": 65090, "deceased": 104, "dens": 770.4782196969696, "cfr": 3.7383177570093458, "name": "Weimar", "deceasedrel": 159.7787678598863, "incidence": 53.66}, "G": {"area": 152.18, "deceaseddiffweek": 1, "diff": 0, "casedens": 39.42042318307268, "cases": 5999, "diffweek": 53, "caseres": 6371.61186167049, "res": 94152, "deceased": 206, "dens": 618.68839532133, "cfr": 3.4339056509418238, "name": "Gera", "deceasedrel": 218.7951397739825, "incidence": 56.91}, "WAK": {"area": 1307.44, "deceaseddiffweek": 0, "diff": 4, "casedens": 6.702410818087254, "cases": 8763, "diffweek": 92, "caseres": 7122.942491363545, "res": 123025, "deceased": 250, "dens": 94.09609618797037, "cfr": 2.852904256533151, "name": "Wartburgkreis", "deceasedrel": 203.210729526519, "incidence": 77.33}, "SLF": {"area": 1036.03, "deceaseddiffweek": 0, "diff": 4, "casedens": 6.806752700211384, "cases": 7052, "diffweek": 98, "caseres": 6630.561510399037, "res": 106356, "deceased": 289, "dens": 102.65725895968264, "cfr": 4.098128190584231, "name": "Saalfeld-Rudolstadt", "deceasedrel": 271.7289104516905, "incidence": 94.96}, "UH": {"area": 979.69, "deceaseddiffweek": 0, "diff": 1, "casedens": 6.823587053047392, "cases": 6685, "diffweek": 103, "caseres": 6495.841106965174, "res": 102912, "deceased": 264, "dens": 105.04547356816951, "cfr": 3.9491398653702317, "name": "Unstrut-Hainich-Kreis", "deceasedrel": 256.52985074626866, "incidence": 100.75}, "ABG": {"area": 569.4, "deceaseddiffweek": 0, "diff": 3, "casedens": 12.634351949420443, "cases": 7194, "diffweek": 40, "caseres": 7982.8669078319535, "res": 90118, "deceased": 293, "dens": 158.2683526519143, "cfr": 4.072838476508201, "name": "Altenburger Land", "deceasedrel": 325.1292749506203, "incidence": 44.75}, "EA": {"area": 104.17, "deceaseddiffweek": 0, "diff": 0, "casedens": 18.95939329941442, "cases": 1975, "diffweek": -3, "caseres": 4661.31696955393, "res": 42370, "deceased": 78, "dens": 406.7389843525007, "cfr": 3.949367088607595, "name": "Eisenach", "deceasedrel": 184.0925182912438, "incidence": -7.1}, "SOM": {"area": 806.86, "deceaseddiffweek": 0, "diff": 0, "casedens": 5.345413082814862, "cases": 4313, "diffweek": 23, "caseres": 6191.946019668366, "res": 69655, "deceased": 136, "dens": 86.32848325607912, "cfr": 3.1532575933225133, "name": "S\u00f6mmerda", "deceasedrel": 195.24800803962387, "incidence": 33.13}, "HBN": {"area": 938.42, "deceaseddiffweek": 1, "diff": 0, "casedens": 6.006905223673835, "cases": 5637, "diffweek": 44, "caseres": 8869.762245684704, "res": 63553, "deceased": 252, "dens": 67.72340742950918, "cfr": 4.470463012240553, "name": "Hildburghausen", "deceasedrel": 396.51944046701175, "incidence": 69.62}, "IK": {"area": 843.71, "deceaseddiffweek": 0, "diff": 4, "casedens": 8.043047966718422, "cases": 6786, "diffweek": 39, "caseres": 6240.459068253297, "res": 108742, "deceased": 218, "dens": 128.88551753564613, "cfr": 3.2124963159445916, "name": "Ilm-Kreis", "deceasedrel": 200.47451766566738, "incidence": 36.71}, "J": {"area": 114.77, "deceaseddiffweek": 0, "diff": 6, "casedens": 40.46353576718655, "cases": 4644, "diffweek": 68, "caseres": 4168.499286400316, "res": 111407, "deceased": 84, "dens": 970.697917574279, "cfr": 1.8087855297157622, "name": "Jena", "deceasedrel": 75.39921189871373, "incidence": 61.07}, "SM": {"area": 1210.73, "deceaseddiffweek": 0, "diff": 0, "casedens": 8.570036259116401, "cases": 10376, "diffweek": 88, "caseres": 8480.796423287862, "res": 122347, "deceased": 372, "dens": 101.05225772880824, "cfr": 3.5851966075558983, "name": "Schmalkalden-Meiningen", "deceasedrel": 304.0532256614384, "incidence": 70.45}, "SHK": {"area": 815.24, "deceaseddiffweek": 1, "diff": 2, "casedens": 6.04607232226093, "cases": 4929, "diffweek": 43, "caseres": 5934.90746649649, "res": 83051, "deceased": 132, "dens": 101.87306805357932, "cfr": 2.678027997565429, "name": "Saale-Holzland-Kreis", "deceasedrel": 158.9384835823771, "incidence": 51.84}, "SON": {"area": 433.61, "deceaseddiffweek": 0, "diff": 3, "casedens": 10.258066004012822, "cases": 4448, "diffweek": 20, "caseres": 7915.1541034949105, "res": 56196, "deceased": 164, "dens": 129.600332095662, "cfr": 3.6870503597122304, "name": "Sonneberg", "deceasedrel": 291.8357178446864, "incidence": 34.65}, "GTH": {"area": 936.08, "deceaseddiffweek": 1, "diff": 5, "casedens": 9.697889069310316, "cases": 9078, "diffweek": 80, "caseres": 6702.005138351594, "res": 135452, "deceased": 207, "dens": 144.70130758054867, "cfr": 2.280237937871778, "name": "Gotha", "deceasedrel": 152.82166376280895, "incidence": 59.3}, "SHL": {"area": 103.03, "deceaseddiffweek": 0, "diff": 0, "casedens": 21.993594098806174, "cases": 2266, "diffweek": 9, "caseres": 6504.951916176259, "res": 34835, "deceased": 113, "dens": 338.10540619237116, "cfr": 4.9867608120035305, "name": "Suhl", "deceasedrel": 324.38639299555047, "incidence": 24.46}, "GRZ": {"area": 845.98, "deceaseddiffweek": 0, "diff": 5, "casedens": 9.5108631409726, "cases": 8046, "diffweek": 49, "caseres": 8196.9050214448, "res": 98159, "deceased": 240, "dens": 116.02992978557413, "cfr": 2.982848620432513, "name": "Greiz", "deceasedrel": 244.50126835032955, "incidence": 50.31}, "EF": {"area": 269.91, "deceaseddiffweek": 1, "diff": 0, "casedens": 34.49668407987848, "cases": 9311, "diffweek": 128, "caseres": 4357.062971749985, "res": 213699, "deceased": 275, "dens": 791.7416916750027, "cfr": 2.953495865105789, "name": "Erfurt", "deceasedrel": 128.6856747106912, "incidence": 59.82}, "AP": {"area": 804.48, "deceaseddiffweek": 1, "diff": 1, "casedens": 5.351282816229117, "cases": 4305, "diffweek": 31, "caseres": 5253.395487327175, "res": 81947, "deceased": 79, "dens": 101.863315433572, "cfr": 1.835075493612079, "name": "Weimarer Land", "deceasedrel": 96.40377317046384, "incidence": 37.73}, "SOK": {"area": 1151.3, "deceaseddiffweek": 0, "diff": 0, "casedens": 5.7439416311995135, "cases": 6613, "diffweek": 23, "caseres": 8177.523866053321, "res": 80868, "deceased": 185, "dens": 70.24059758533832, "cfr": 2.797520036292152, "name": "Saale-Orla-Kreis", "deceasedrel": 228.76786862541425, "incidence": 28.64}}, "types": {"area": {"de": "Fl\u00e4che", "id": 11, "color": "#00A000", "source": "statistik.thueringen.de", "unit": "km\u00b2", "showSum": 1}, "deceaseddiffweek": {"de": "Todesf\u00e4lle (letzte 7 Tage)", "id": 7, "color": "#333333", "pm": 1, "unit1": "Verstorbene(r)", "source": "RKI; eigene Berechnung", "unit": "Verstorbene", "showSum": 1}, "diff": {"de": "Entwicklung zum Vortag", "id": 2, "color": "#0165fc", "pm": 1, "unit1": "Neuinfektion", "source": "RKI", "unit": "Neuinfektionen", "showSum": 1}, "casedens": {"de": "fl\u00e4chenbezogene Fallzahlen", "unit": "F\u00e4lle / km\u00b2", "id": 9, "color": "#0000D3", "source": "RKI, statistik.thueringen.de"}, "cases": {"de": "Fallzahlen (Summe)", "unit1": "Fall", "color": "#0000d3", "source": "RKI", "id": 4,