{"values": {"KYF": {"casedens": 0.1772793402125425, "res": 75009, "name": "Kyffh\u00e4userkreis", "severe": 2, "area": 1037.91, "diff": 4, "caseres": 245.30389686570945, "hospinf": 13, "cases": 184, "diffweek": 62, "reldiffweek": 82.65674785692383, "deceased": 1, "dens": 72.26927190218805}, "WE": {"casedens": 3.9417613636363633, "res": 65090, "name": "Weimar", "severe": 1, "area": 84.48, "diff": 8, "caseres": 511.59932401290524, "hospinf": 23, "cases": 333, "diffweek": 71, "reldiffweek": 109.07973575049932, "deceased": 0, "dens": 770.4782196969696}, "IK": {"casedens": 0.43616882578137034, "res": 108742, "name": "Ilm-Kreis", "severe": 7, "area": 843.71, "diff": 13, "caseres": 338.4156995457137, "hospinf": 23, "cases": 368, "diffweek": 52, "reldiffweek": 47.81960971841607, "deceased": 7, "dens": 128.88551753564613}, "SOM": {"casedens": 0.3024068611655058, "res": 69655, "name": "S\u00f6mmerda", "severe": 5, "area": 806.86, "diff": 2, "caseres": 350.2978967769722, "hospinf": 21, "cases": 244, "diffweek": 31, "reldiffweek": 44.505060656090734, "deceased": 2, "dens": 86.32848325607912}, "EF": {"casedens": 2.986180578711422, "res": 213699, "name": "Erfurt", "severe": 3, "area": 269.91, "diff": 22, "caseres": 377.16601387933497, "hospinf": 93, "cases": 806, "diffweek": 206, "reldiffweek": 96.39726905600868, "deceased": 8, "dens": 791.7416916750027}, "GTH": {"casedens": 0.5886249038543714, "res": 135452, "name": "Gotha", "severe": 14, "area": 936.08, "diff": 6, "caseres": 406.7861677937572, "hospinf": 96, "cases": 551, "diffweek": 47, "reldiffweek": 34.69863863213537, "deceased": 31, "dens": 144.70130758054867}, "WAK": {"casedens": 0.19580248424401883, "res": 123025, "name": "Wartburgkreis", "severe": 5, "area": 1307.44, "diff": 0, "caseres": 208.08778703515543, "hospinf": 23, "cases": 256, "diffweek": 17, "reldiffweek": 13.81832960780329, "deceased": 3, "dens": 94.09609618797037}, "NDH": {"casedens": 0.2423308586636784, "res": 83822, "name": "Nordhausen", "severe": 10, "area": 713.9, "diff": 0, "caseres": 206.3897306196464, "hospinf": 31, "cases": 173, "diffweek": 39, "reldiffweek": 46.527164706163056, "deceased": 2, "dens": 117.41420366998179}, "EIC": {"casedens": 0.5810809377882872, "res": 100380, "name": "Eichsfeld", "severe": 10, "area": 943.07, "diff": 0, "caseres": 545.9254831639769, "hospinf": 64, "cases": 548, "diffweek": 138, "reldiffweek": 137.47758517632994, "deceased": 14, "dens": 106.43960681603699}, "UH": {"casedens": 0.36950463922261123, "res": 102912, "name": "Unstrut-Hainich-Kreis", "severe": 7, "area": 979.69, "diff": 35, "caseres": 351.7568407960199, "hospinf": 42, "cases": 362, "diffweek": 105, "reldiffweek": 102.02891791044775, "deceased": 5, "dens": 105.04547356816951}, "G": {"casedens": 3.6009988171901695, "res": 94152, "name": "Gera", "severe": 2, "area": 152.18, "diff": 0, "caseres": 582.0375562919535, "hospinf": 84, "cases": 548, "diffweek": 96, "reldiffweek": 101.96278358399185, "deceased": 24, "dens": 618.68839532133}, "ABG": {"casedens": 0.7692307692307693, "res": 90118, "name": "Altenburger Land", "severe": 4, "area": 569.4, "diff": 0, "caseres": 486.0294280831798, "hospinf": 39, "cases": 438, "diffweek": 103, "reldiffweek": 114.2945915355423, "deceased": 4, "dens": 158.2683526519143}, "SM": {"casedens": 0.4683125056783924, "res": 122347, "name": "Schmalkalden-Meiningen", "severe": 6, "area": 1210.73, "diff": 7, "caseres": 463.4359649194504, "hospinf": 75, "cases": 567, "diffweek": 105, "reldiffweek": 85.82147498508341, "deceased": 11, "dens": 101.05225772880824}, "EA": {"casedens": 0.7679754247864068, "res": 42370, "name": "Eisenach", "severe": 2, "area": 104.17, "diff": 0, "caseres": 188.81283927307055, "hospinf": 21, "cases": 80, "diffweek": 11, "reldiffweek": 25.961765400047202, "deceased": 4, "dens": 406.7389843525007}, "HBN": {"casedens": 0.36870484431278105, "res": 63553, "name": "Hildburghausen", "severe": 3, "area": 938.42, "diff": 2, "caseres": 544.4274857205796, "hospinf": 84, "cases": 346, "diffweek": 137, "reldiffweek": 215.56810850785956, "deceased": 1, "dens": 67.72340742950918}, "SON": {"casedens": 0.9939807661262424, "res": 56196, "name": "Sonneberg", "severe": 8, "area": 433.61, "diff": 6, "caseres": 766.9585023845113, "hospinf": 69, "cases": 431, "diffweek": 57, "reldiffweek": 101.43070681187274, "deceased": 26, "dens": 129.600332095662}, "SOK": {"casedens": 0.27794666898288894, "res": 80868, "name": "Saale-Orla-Kreis", "severe": 3, "area": 1151.3, "diff": 0, "caseres": 395.70658356828415, "hospinf": 46, "cases": 320, "diffweek": 45, "reldiffweek": 55.64623831428995, "deceased": 12, "dens": 70.24059758533832}, "AP": {"casedens": 0.44252187748607796, "res": 81947, "name": "Weimarer Land", "severe": 0, "area": 804.48, "diff": 0, "caseres": 434.42712973019144, "hospinf": 37, "cases": 356, "diffweek": 86, "reldiffweek": 104.94587965392266, "deceased": 6, "dens": 101.863315433572}, "J": {"casedens": 3.8511806221137928, "res": 111407, "name": "Jena", "severe": 8, "area": 114.77, "diff": 0, "caseres": 396.74347213370794, "hospinf": 35, "cases": 442, "diffweek": 65, "reldiffweek": 58.34462825495705, "deceased": 4, "dens": 970.697917574279}, "SHL": {"casedens": 0.8541201591769387, "res": 34835, "name": "Suhl", "severe": 2, "area": 103.03, "diff": 2, "caseres": 252.61949189034016, "hospinf": 14, "cases": 88, "diffweek": 21, "reldiffweek": 60.28419692837663, "deceased": 2, "dens": 338.10540619237116}, "GRZ": {"casedens": 1.0614908153857066, "res": 98159, "name": "Greiz", "severe": 28, "area": 845.98, "diff": 18, "caseres": 914.8422457441497, "hospinf": 199, "cases": 898, "diffweek": 87, "reldiffweek": 88.63170977699447, "deceased": 48, "dens": 116.02992978557413}, "SHK": {"casedens": 0.44158775329964184, "res": 83051, "name": "Saale-Holzland-Kreis", "severe": 2, "area": 815.24, "diff": 5, "caseres": 433.46859158830114, "hospinf": 41, "cases": 360, "diffweek": 58, "reldiffweek": 69.83660642255964, "deceased": 4, "dens": 101.87306805357932}, "SLF": {"casedens": 0.2528884298717219, "res": 106356, "name": "Saalfeld-Rudolstadt", "severe": 2, "area": 1036.03, "diff": 2, "caseres": 246.34247245101355, "hospinf": 40, "cases": 262, "diffweek": 86, "reldiffweek": 80.8605062243785, "deceased": 0, "dens": 102.65725895968264}}, "ts": 1604912400, "types": {"casedens": {"de": "fl\u00e4chenbezogene Fallzahlen", "id": 8, "source": "TMASGFF, statistik.thueringen.de", "unit": "F\u00e4lle / km\u00b2", "color": "#0000D3"}, "res": {"id": 9, "source": "statistik.thueringen.de", "unit": "EW", "color": "#00A000", "de": "Einwohner", "showSum": 1}, "severe": {"id": 6, "source": "TMASGFF", "unit": "F\u00e4lle", "color": "#D30000", "de": "schwere Verl\u00e4ufe", "unit1": "Fall", "showSum": 1}, "area": {"id": 10, "source": "statistik.thueringen.de", "unit": "km\u00b2", "color": "#00A000", "de": "Fl\u00e4che", "showSum": 1}, "diff": {"id": 2, "source": "TMASGFF", "unit": "F\u00e4lle", "color": "#A000FFFF", "de": "Entwicklung zum Vortag", "unit1": "Fall", "pm": 1, "showSum": 1}, "cases": {"id": 0, "source": "TMASGFF", "unit": "F\u00e4lle", "color": "#0000d3", "de": "Fallzahlen", "unit1": "Fall", "showSum": 1}, "hospinf": {"id": 5, "source": "TMASGFF", "unit": "F\u00e4lle", "color": "#FF891D", "de": "station\u00e4re F\u00e4lle mit COVID19", "unit1": "Fall", "showSum": 1}, "caseres": {"de": "F\u00e4lle / 100&thinsp;000 EW", "id": 1, "source": "TMASGFF", "unit": "F\u00e4lle / 100&thinsp;000 EW", "color": "#0000D3"}, "diffweek": {"id": 3, "source": "TMASGFF", "unit": "F\u00e4lle", "color": "#A000FFFF", "de": "Entwicklung zur Vorwoche", "unit1": "Fall", "pm": 1, "showSum": 1}, "reldiffweek": {"id": 4, "source": "TMASGFF", "unit": "F\u00e4lle / 100&thinsp;000 EW", "color": "#A000FFFF", "de": "7-Tages-Inzidenz", "unit1": "Fall / 100&thinsp;000 EW", "pm": 1}, "deceased": {"id": 7, "source": "TMASGFF", "unit": "Verstorbene", "color": "#333333", "de": "Todesf\u00e4lle", "unit1": "Verstorbene(r)", "showSum": 1}, "dens": {"de": "Einwohnerdichte", "id": 11,