{"ts": 1586160000, "types": {"cases": {"de": "Fallzahlen", "color": "#0000d3", "unit": "F\u00e4lle"}, "diff": {"de": "Entwicklung der Fallzahlen", "color": "#A000FFFF", "unit": "F\u00e4lle / Tag", "pm": 1}, "hosp": {"de": "Station\u00e4re F\u00e4lle", "color": "#FFAD00", "unit": "F\u00e4lle"}, "serv": {"de": "Schwere Fallverl\u00e4ufe", "color": "#D30000", "unit": "F\u00e4lle"}, "death": {"de": "Verstorbene", "color": "#333333", "unit": "F\u00e4lle"}, "casedens": {"de": "Fl\u00e4chenbezogene F\u00e4lle", "color": "#0000D3", "unit": "F\u00e4lle / km\u00b2"}, "caseres": {"de": "relative Fallzahlen", "color": "#0000D3", "unit": "F\u00e4lle / 100.000 EW"}, "area": {"de": "Fl\u00e4che", "color": "#00A000", "unit": "km\u00b2"}, "res": {"de": "Einwohner", "color": "#00A000", "unit": "EW"}, "dens": {"de": "Einwohnerdichte", "color": "#00A000", "unit": "EW / km\u00b2"}}, "values": {"ABG": {"name": "Altenburger Land", "res": 90118, "area": 569.4, "cases": 31, "diff": 1, "hosp": 4, "serv": 3, "death": 1, "casedens": 0.054443273621355814, "caseres": 34.39934308351273, "dens": 158.2683526519143}, "EIC": {"name": "Eichsfeld", "res": 100380, "area": 943.07, "cases": 68, "diff": 0, "hosp": 8, "serv": 8, "death": 2, "casedens": 0.07210493388613783, "caseres": 67.74257820282925, "dens": 106.43960681603699}, "EA": {"name": "Eisenach", "res": 42370, "area": 104.17, "cases": 8, "diff": 0, "hosp": 4, "serv": 2, "death": 1, "casedens": 0.07679754247864068, "caseres": 18.881283927307056, "dens": 406.7389843525007}, "EF": {"name": "Erfurt", "res": 213699, "area": 269.91, "cases": 96, "diff": 1, "hosp": 10, "serv": 6, "death": 1, "casedens": 0.35567411359342, "caseres": 44.9229991717322, "dens": 791.7416916750027}, "G": {"name": "Gera", "res": 94152, "area": 152.18, "cases": 36, "diff": 0, "hosp": 3, "serv": 3, "death": 0, "casedens": 0.23656196609278485, "caseres": 38.236043843996946, "dens": 618.68839532133}, "GTH": {"name": "Gotha", "res": 135452, "area": 936.08, "cases": 37, "diff": 3, "hosp": 8, "serv": 6, "death": 0, "casedens": 0.039526536193487734, "caseres": 27.31594956146827, "dens": 144.70130758054867}, "GRZ": {"name": "Greiz", "res": 98159, "area": 845.98, "cases": 194, "diff": 12, "hosp": 41, "serv": 35, "death": 7, "casedens": 0.22931984207664483, "caseres": 197.63852524984972, "dens": 116.02992978557413}, "HBN": {"name": "Hildburghausen", "res": 63553, "area": 938.42, "cases": 7, "diff": 0, "hosp": 1, "serv": 1, "death": 0, "casedens": 0.007459346561241235, "caseres": 11.01442890186144, "dens": 67.72340742950918}, "IK": {"name": "Ilm-Kreis", "res": 108742, "area": 843.71, "cases": 93, "diff": 0, "hosp": 5, "serv": 5, "death": 2, "casedens": 0.11022744781974848, "caseres": 85.52353276562874, "dens": 128.88551753564613}, "J": {"name": "Jena", "res": 111407, "area": 114.77, "cases": 136, "diff": 3, "hosp": 12, "serv": 8, "death": 0, "casedens": 1.1849786529580901, "caseres": 122.07491450267936, "dens": 970.697917574279}, "KYF": {"name": "Kyffh\u00e4userkreis", "res": 75009, "area": 1037.91, "cases": 27, "diff": 0, "hosp": 1, "serv": 1, "death": 0, "casedens": 0.026013816226840476, "caseres": 35.9956805183378, "dens": 72.26927190218805}, "NDH": {"name": "Nordhausen", "res": 83822, "area": 713.9, "cases": 21, "diff": 1, "hosp": 4, "serv": 3, "death": 1, "casedens": 0.029415884577671945, "caseres": 25.053088687933954, "dens": 117.41420366998179}, "SHK": {"name": "Saale-Holzland-Kreis", "res": 83051, "area": 815.24, "cases": 45, "diff": 4, "hosp": 3, "serv": 1, "death": 0, "casedens": 0.05519846916245523, "caseres": 54.18357394853764, "dens": 101.87306805357932}, "SOK": {"name": "Saale-Orla-Kreis", "res": 80868, "area": 1151.3, "cases": 68, "diff": 3, "hosp": 13, "serv": 11, "death": 0, "casedens": 0.059063667158863895, "caseres": 84.08764900826039, "dens": 70.24059758533832}, "SLF": {"name": "Saalfeld-Rudolstadt", "res": 106356, "area": 1036.03, "cases": 48, "diff": 0, "hosp": 5, "serv": 3, "death": 0, "casedens": 0.046330704709323094, "caseres": 45.131445334536835, "dens": 102.65725895968264}, "SM": {"name": "Schmalkalden-Meiningen", "res": 122347, "area": 1210.73, "cases": 36, "diff": 0, "hosp": 1, "serv": 1, "death": 1, "casedens": 0.029734127344659834, "caseres": 29.424505709171456, "dens": 101.05225772880824}, "SOM": {"name": "S\u00f6mmerda", "res": 69655, "area": 806.86, "cases": 30, "diff": 1, "hosp": 4, "serv": 4, "death": 1, "casedens": 0.0371811714547753, "caseres": 43.069413538152325, "dens": 86.32848325607912}, "SON": {"name": "Sonneberg", "res": 56196, "area": 433.61, "cases": 35, "diff": 0, "hosp": 4, "serv": 4, "death": 1, "casedens": 0.0807176956251009, "caseres": 62.2820129546587, "dens": 129.600332095662}, "SHL": {"name": "Suhl", "res": 34835, "area": 103.03, "cases": 10, "diff": 0, "hosp": 4, "serv": 4, "death": 2, "casedens": 0.0970591089973794, "caseres": 28.706760442084114, "dens": 338.10540619237116}, "UH": {"name": "Unstrut-Hainich-Kreis", "res": 102912, "area": 979.69, "cases": 35, "diff": 0, "hosp": 5, "serv": 4, "death": 0, "casedens": 0.03572558666516959, "caseres": 34.00963930348259, "dens": 105.04547356816951}, "WAK": {"name": "Wartburgkreis", "res": 123025, "area": 1307.44, "cases": 28, "diff": 0, "hosp": 3, "serv": 3, "death": 1, "casedens": 0.021415896714189562, "caseres": 22.759601706970127, "dens": 94.09609618797037}, "WE": {"name": "Weimar", "res": 65090, "area": 84.48, "cases": 46, "diff": 3, "hosp": 7, "serv": 5, "death": 0, "casedens": 0.5445075757575757, "caseres": 70.67137809187278, "dens": 770.4782196969696}, "AP": {"name": "Weimarer Land", "res": 81947, "area": 804.48, "cases": 53, "diff": 12, "hosp": 11, "serv": 9, "death": 0, "casedens": 0.06588106603023071, "caseres": 64.67594908904536, "dens": 101.863315433572}}}