{"values": {"AP": {"deceased": 60, "incidence": 231.27, "diffweek": 190, "res": 81947, "diff": 14, "dens": 101.863315433572, "cfr": 1.686814731515322, "cases": 3557, "deceaseddiffweek": 5, "name": "Weimarer Land", "caseres": 4340.610394523289, "casedens": 4.421489657915672, "area": 804.48, "deceasedrel": 73.21805557250417}, "ABG": {"deceased": 251, "incidence": 221.49, "diffweek": 198, "res": 90118, "diff": 44, "dens": 158.2683526519143, "cfr": 4.016, "cases": 6250, "deceaseddiffweek": 3, "name": "Altenburger Land", "caseres": 6935.351428127566, "casedens": 10.97646645591851, "area": 569.4, "deceasedrel": 278.52371335360306}, "SHK": {"deceased": 92, "incidence": 214.59, "diffweek": 178, "res": 83051, "diff": 27, "dens": 101.87306805357932, "cfr": 2.2406234778373113, "cases": 4106, "deceaseddiffweek": 2, "name": "Saale-Holzland-Kreis", "caseres": 4943.95010294879, "casedens": 5.036553652912026, "area": 815.24, "deceasedrel": 110.77530673923252}, "WE": {"deceased": 97, "incidence": 206.97, "diffweek": 135, "res": 65090, "diff": 31, "dens": 770.4782196969696, "cfr": 4.226579520697168, "cases": 2295, "deceaseddiffweek": 1, "name": "Weimar", "caseres": 3525.887233061914, "casedens": 27.16619318181818, "area": 84.48, "deceasedrel": 149.0244277154709}, "SON": {"deceased": 151, "incidence": 261.62, "diffweek": 151, "res": 56196, "diff": 20, "dens": 129.600332095662, "cfr": 4.311821816105083, "cases": 3502, "deceaseddiffweek": 2, "name": "Sonneberg", "caseres": 6231.760267634707, "casedens": 8.076382002260095, "area": 433.61, "deceasedrel": 268.7023987472418}, "GRZ": {"deceased": 176, "incidence": 340.87, "diffweek": 332, "res": 98159, "diff": 89, "dens": 116.02992978557413, "cfr": 2.482719706587671, "cases": 7089, "deceaseddiffweek": 11, "name": "Greiz", "caseres": 7221.956213897859, "casedens": 8.379630724130594, "area": 845.98, "deceasedrel": 179.30093012357503}, "UH": {"deceased": 228, "incidence": 133.03, "diffweek": 136, "res": 102912, "diff": 27, "dens": 105.04547356816951, "cfr": 4.037542057729768, "cases": 5647, "deceaseddiffweek": 7, "name": "Unstrut-Hainich-Kreis", "caseres": 5487.212375621891, "casedens": 5.76406822566322, "area": 979.69, "deceasedrel": 221.54850746268656}, "KYF": {"deceased": 125, "incidence": 203.47, "diffweek": 151, "res": 75009, "diff": 28, "dens": 72.26927190218805, "cfr": 3.9320541050644855, "cases": 3179, "deceaseddiffweek": 2, "name": "Kyffh\u00e4userkreis", "caseres": 4238.1580876961425, "casedens": 3.062885992041699, "area": 1037.91, "deceasedrel": 166.6466690663787}, "IK": {"deceased": 192, "incidence": 293.65, "diffweek": 312, "res": 108742, "diff": 55, "dens": 128.88551753564613, "cfr": 3.468208092485549, "cases": 5536, "deceaseddiffweek": 6, "name": "Ilm-Kreis", "caseres": 5090.949219252911, "casedens": 6.56149624871105, "area": 843.71, "deceasedrel": 176.5647128064593}, "G": {"deceased": 172, "incidence": 272.75, "diffweek": 254, "res": 94152, "diff": 31, "dens": 618.68839532133, "cfr": 3.4140531957125844, "cases": 5038, "deceaseddiffweek": 16, "name": "Gera", "caseres": 5350.921913501572, "casedens": 33.10553292154028, "area": 152.18, "deceasedrel": 182.68332058798538}, "SHL": {"deceased": 100, "incidence": 141.35, "diffweek": 52, "res": 34835, "diff": 16, "dens": 338.10540619237116, "cfr": 5.211047420531527, "cases": 1919, "deceaseddiffweek": -1, "name": "Suhl", "caseres": 5508.8273288359405, "casedens": 18.625643016597106, "area": 103.03, "deceasedrel": 287.0676044208411}, "EIC": {"deceased": 219, "incidence": 143.99, "diffweek": 144, "res": 100380, "diff": 16, "dens": 106.43960681603699, "cfr": 3.882978723404255, "cases": 5640, "deceaseddiffweek": 8, "name": "Eichsfeld", "caseres": 5618.649133293485, "casedens": 5.980468045850254, "area": 943.07, "deceasedrel": 218.1709503885236}, "WAK": {"deceased": 208, "incidence": 316.88, "diffweek": 377, "res": 123025, "diff": 39, "dens": 94.09609618797037, "cfr": 2.8908964558721335, "cases": 7195, "deceaseddiffweek": 6, "name": "Wartburgkreis", "caseres": 5848.404795773217, "casedens": 5.503120602092639, "area": 1307.44, "deceasedrel": 169.07132696606382}, "SLF": {"deceased": 254, "incidence": 242.25, "diffweek": 250, "res": 106356, "diff": 35, "dens": 102.65725895968264, "cfr": 4.310930074677529, "cases": 5892, "deceaseddiffweek": 5, "name": "Saalfeld-Rudolstadt", "caseres": 5539.884914814397, "casedens": 5.68709400306941, "area": 1036.03, "deceasedrel": 238.82056489525743}, "SM": {"deceased": 325, "incidence": 252.97, "diffweek": 316, "res": 122347, "diff": 51, "dens": 101.05225772880824, "cfr": 3.610308820262164, "cases": 9002, "deceaseddiffweek": 7, "name": "Schmalkalden-Meiningen", "caseres": 7357.761122054485, "casedens": 7.43518373212855, "area": 1210.73, "deceasedrel": 265.6378987633534}, "EF": {"deceased": 239, "incidence": 175.25, "diffweek": 375, "res": 213699, "diff": 52, "dens": 791.7416916750027, "cfr": 3.1798829164449174, "cases": 7516, "deceaseddiffweek": 1, "name": "Erfurt", "caseres": 3517.0964768202, "casedens": 27.846319143418174, "area": 269.91, "deceasedrel": 111.83955002129163}, "SOM": {"deceased": 112, "incidence": 322.64, "diffweek": 224, "res": 69655, "diff": 44, "dens": 86.32848325607912, "cfr": 3.1710079275198186, "cases": 3532, "deceaseddiffweek": 4, "name": "S\u00f6mmerda", "caseres": 5070.705620558467, "casedens": 4.377463252608878, "area": 806.86, "deceasedrel": 160.792477209102}, "SOK": {"deceased": 142, "incidence": 328.72, "diffweek": 264, "res": 80868, "diff": 30, "dens": 70.24059758533832, "cfr": 2.5150549061282326, "cases": 5646, "deceaseddiffweek": 5, "name": "Saale-Orla-Kreis", "caseres": 6981.748033832913, "casedens": 4.904021540866847, "area": 1151.3, "deceasedrel": 175.59479645842606}, "J": {"deceased": 67, "incidence": 67.36, "diffweek": 75, "res": 111407, "diff": -19, "dens": 970.697917574279, "cfr": 1.7972103004291846, "cases": 3728, "deceaseddiffweek": 2, "name": "Jena", "caseres": 3346.288832838152, "casedens": 32.482356016380585, "area": 114.77, "deceasedrel": 60.13984758587881}, "EA": {"deceased": 61, "incidence": 215.38, "diffweek": 91, "res": 42370, "diff": 5, "dens": 406.7389843525007, "cfr": 3.7037037037037037, "cases": 1647, "deceaseddiffweek": 1, "name": "Eisenach", "caseres": 3887.1843285343407, "casedens": 15.810694057790151, "area": 104.17, "deceasedrel": 143.96978994571631}, "HBN": {"deceased": 223, "incidence": 153.49, "diffweek": 97, "res": 63553, "diff": 18, "dens": 67.72340742950918, "cfr": 4.894644424934153, "cases": 4556, "deceaseddiffweek": 1, "name": "Hildburghausen", "caseres": 7168.819725268673, "casedens": 4.8549689904307245, "area": 938.42, "deceasedrel": 350.888235016443}, "NDH": {"deceased": 56, "incidence": 123.48, "diffweek": 103, "res": 83822, "diff": 0, "dens": 117.41420366998179, "cfr": 2.4811696942844486, "cases": 2257, "deceaseddiffweek": 2, "name": "Nordhausen", "caseres": 2692.6105318412824, "casedens": 3.161507213895504, "area": 713.9, "deceasedrel": 66.80823650115721}, "GTH": {"deceased": 186, "incidence": 306.88, "diffweek": 414, "res": 135452, "diff": 65, "dens": 144.70130758054867, "cfr": 2.602490555477823, "cases": 7147, "deceaseddiffweek": -1, "name": "Gotha", "caseres": 5276.407878805777, "casedens": 7.63503119391505, "area": 936.08, "deceasedrel": 137.31801671440806}}, "ts": 1619215200, "types": {"deceased": {"id": 5, "source": "RKI", "color": "#333333", "unit1": "Verstorbene(r)", "showSum": 1, "de": "Todesf\u00e4lle (Summe)", "unit": "Verstorbene"}, "incidence": {"id": 0, "source": "RKI; eigene Berechnung", "color": "#A000FFFF", "unit1": "Fall / 100&thinsp;000 EW", "de": "7-Tages-Inzidenz", "unit": "F\u00e4lle / 100&thinsp;000 EW"}, "diffweek": {"pm": 1, "id": 1, "source": "RKI; eigene Berechnung", "color": "#A000FFFF", "unit1": "Neuinfektion", "showSum": 1, "unit": "Neuinfektionen", "de": "Entwicklung zur Vorwoche"}, "diff": {"pm": 1, "id": 2, "source": "RKI", "color": "#0165fc", "unit1": "Neuinfektion", "showSum": 1, "unit": "Neuinfektionen", "de": "Entwicklung zum Vortag"},