{"values": {"EA": {"cases": 28, "res": 42370, "area": 104.17, "deceased": 2, "hospinf": 14, "casedens": 0.2687913986752424, "reldiffweek": 0.0, "hosp": 11, "diff": 0, "diffweek": 0, "caseres": 66.0844937455747, "severe": 2, "name": "Eisenach", "dens": 406.7389843525007}, "SLF": {"cases": 71, "res": 106356, "area": 1036.03, "deceased": 0, "hospinf": 13, "casedens": 0.06853083404920707, "reldiffweek": 0.0, "hosp": 7, "diff": 0, "diffweek": 0, "caseres": 66.75692955733574, "severe": 0, "name": "Saalfeld-Rudolstadt", "dens": 102.65725895968264}, "IK": {"cases": 136, "res": 108742, "area": 843.71, "deceased": 6, "hospinf": 16, "casedens": 0.1611928269192021, "reldiffweek": 0.0, "hosp": 11, "diff": 0, "diffweek": 0, "caseres": 125.06667157124203, "severe": 6, "name": "Ilm-Kreis", "dens": 128.88551753564613}, "EIC": {"cases": 158, "res": 100380, "area": 943.07, "deceased": 9, "hospinf": 35, "casedens": 0.16753793461779082, "reldiffweek": 5.977286312014345, "hosp": 29, "diff": 1, "diffweek": 6, "caseres": 157.40187288304443, "severe": 8, "name": "Eichsfeld", "dens": 106.43960681603699}, "SOM": {"cases": 37, "res": 69655, "area": 806.86, "deceased": 1, "hospinf": 4, "casedens": 0.0458567781275562, "reldiffweek": 0.0, "hosp": 4, "diff": 0, "diffweek": 0, "caseres": 53.1189433637212, "severe": 1, "name": "S\u00f6mmerda", "dens": 86.32848325607912}, "EF": {"cases": 138, "res": 213699, "area": 269.91, "deceased": 2, "hospinf": 19, "casedens": 0.5112815382905412, "reldiffweek": 0.46794790803887715, "hosp": 10, "diff": 0, "diffweek": 1, "caseres": 64.57681130936504, "severe": 1, "name": "Erfurt", "dens": 791.7416916750027}, "GTH": {"cases": 299, "res": 135452, "area": 936.08, "deceased": 30, "hospinf": 67, "casedens": 0.31941714383386033, "reldiffweek": 1.4765378141334198, "hosp": 43, "diff": 1, "diffweek": 2, "caseres": 220.74240321294627, "severe": 12, "name": "Gotha", "dens": 144.70130758054867}, "KYF": {"cases": 45, "res": 75009, "area": 1037.91, "deceased": 0, "hospinf": 4, "casedens": 0.043356360378067456, "reldiffweek": 0.0, "hosp": 4, "diff": 0, "diffweek": 0, "caseres": 59.992800863896335, "severe": 1, "name": "Kyffh\u00e4userkreis", "dens": 72.26927190218805}, "GRZ": {"cases": 625, "res": 98159, "area": 845.98, "deceased": 45, "hospinf": 163, "casedens": 0.7387881510201186, "reldiffweek": 5.093776423965199, "hosp": 106, "diff": 0, "diffweek": 5, "caseres": 636.72205299565, "severe": 23, "name": "Greiz", "dens": 116.02992978557413}, "SON": {"cases": 245, "res": 56196, "area": 433.61, "deceased": 16, "hospinf": 44, "casedens": 0.5650238693757063, "reldiffweek": 49.82561036372695, "hosp": 23, "diff": 0, "diffweek": 28, "caseres": 435.9740906826109, "severe": 4, "name": "Sonneberg", "dens": 129.600332095662}, "ABG": {"cases": 71, "res": 90118, "area": 569.4, "deceased": 3, "hospinf": 14, "casedens": 0.12469265893923429, "reldiffweek": 1.1096562285004106, "hosp": 7, "diff": 0, "diffweek": 1, "caseres": 78.78559222352915, "severe": 4, "name": "Altenburger Land", "dens": 158.2683526519143}, "WAK": {"cases": 75, "res": 123025, "area": 1307.44, "deceased": 2, "hospinf": 10, "casedens": 0.0573640090558649, "reldiffweek": 2.438528754318228, "hosp": 8, "diff": 2, "diffweek": 3, "caseres": 60.963218857955695, "severe": 3, "name": "Wartburgkreis", "dens": 94.09609618797037}, "HBN": {"cases": 55, "res": 63553, "area": 938.42, "deceased": 1, "hospinf": 14, "casedens": 0.058609151552609706, "reldiffweek": 20.455367960599812, "hosp": 2, "diff": 0, "diffweek": 13, "caseres": 86.54194137176844, "severe": 3, "name": "Hildburghausen", "dens": 67.72340742950918}, "SOK": {"cases": 149, "res": 80868, "area": 1151.3, "deceased": 12, "hospinf": 35, "casedens": 0.12941891774515765, "reldiffweek": 1.2365830736508878, "hosp": 29, "diff": 0, "diffweek": 1, "caseres": 184.25087797398228, "severe": 2, "name": "Saale-Orla-Kreis", "dens": 70.24059758533832}, "SHK": {"cases": 72, "res": 83051, "area": 815.24, "deceased": 3, "hospinf": 17, "casedens": 0.08831755065992837, "reldiffweek": 1.2040794210786143, "hosp": 5, "diff": 1, "diffweek": 1, "caseres": 86.69371831766023, "severe": 1, "name": "Saale-Holzland-Kreis", "dens": 101.87306805357932}, "WE": {"cases": 68, "res": 65090, "area": 84.48, "deceased": 0, "hospinf": 11, "casedens": 0.8049242424242424, "reldiffweek": 0.0, "hosp": 8, "diff": 0, "diffweek": 0, "caseres": 104.47073283146413, "severe": 1, "name": "Weimar", "dens": 770.4782196969696}, "J": {"cases": 160, "res": 111407, "area": 114.77, "deceased": 3, "hospinf": 17, "casedens": 1.3940925328918707, "reldiffweek": 0.8976096654608777, "hosp": 11, "diff": 0, "diffweek": 1, "caseres": 143.61754647374042, "severe": 5, "name": "Jena", "dens": 970.697917574279}, "AP": {"cases": 73, "res": 81947, "area": 804.48, "deceased": 4, "hospinf": 12, "casedens": 0.09074184566428004, "reldiffweek": 0.0, "hosp": 10, "diff": 0, "diffweek": 0, "caseres": 89.08196761321342, "severe": 0, "name": "Weimarer Land", "dens": 101.863315433572}, "SHL": {"cases": 19, "res": 34835, "area": 103.03, "deceased": 2, "hospinf": 6, "casedens": 0.18441230709502088, "reldiffweek": 0.0, "hosp": 4, "diff": 0, "diffweek": 0, "caseres": 54.542844839959805, "severe": 2, "name": "Suhl", "dens": 338.10540619237116}, "G": {"cases": 247, "res": 94152, "area": 152.18, "deceased": 18, "hospinf": 55, "casedens": 1.6230779340254962, "reldiffweek": 16.99379726399864, "hosp": 19, "diff": 2, "diffweek": 16, "caseres": 262.34174526297903, "severe": 1, "name": "Gera", "dens": 618.68839532133}, "NDH": {"cases": 62, "res": 83822, "area": 713.9, "deceased": 2, "hospinf": 20, "casedens": 0.08684689732455526, "reldiffweek": 1.1930042232349503, "hosp": 18, "diff": 0, "diffweek": 1, "caseres": 73.96626184056691, "severe": 10, "name": "Nordhausen", "dens": 117.41420366998179}, "UH": {"cases": 82, "res": 102912, "area": 979.69, "deceased": 4, "hospinf": 24, "casedens": 0.08369994590125447, "reldiffweek": 3.8868159203980097, "hosp": 19, "diff": 0, "diffweek": 4, "caseres": 79.6797263681592, "severe": 4, "name": "Unstrut-Hainich-Kreis", "dens": 105.04547356816951}, "SM": {"cases": 138, "res": 122347, "area": 1210.73, "deceased": 3, "hospinf": 27, "casedens": 0.11398082148786269, "reldiffweek": 7.356126427292864, "hosp": 7, "diff": 3, "diffweek": 9, "caseres": 112.79393855182391, "severe": 2, "name": "Schmalkalden-Meiningen", "dens": 101.05225772880824}}, "types": {"cases": {"id": 0, "color": "#0000d3", "de": "Fallzahlen", "unit": "F\u00e4lle", "showSum": 1, "unit1": "Fall"}, "res": {"id": 10, "unit": "EW", "color": "#00A000", "showSum": 1, "de": "Einwohner"}, "area": {"id": 11, "unit": "km\u00b2", "color": "#00A000", "showSum": 1, "de": "Fl\u00e4che"}, "deceased": {"id": 7, "color": "#333333", "de": "Todesf\u00e4lle", "unit": "Verstorbene", "showSum": 1, "unit1": "Verstorbene(r)"}, "hospinf": {"id": 4, "color": "#EBE800", "de": "station\u00e4re F\u00e4lle mit COVID19", "unit": "F\u00e4lle", "showSum": 1, "unit1": "Fall"}, "casedens": {"id": 9, "unit": "F\u00e4lle / km\u00b2", "color": "#0000D3", "de": "fl\u00e4chenbezogene F\u00e4lle"}, "caseres": {"id": 8, "unit": "F\u00e4lle / 100&thinsp;000 EW", "color": "#0000D3", "de": "relative Fallzahlen"}, "hosp": {"id": 5, "color": "#FFAD00", "de": "station\u00e4re F\u00e4lle wegen COVID19", "unit": "F\u00e4lle", "showSum": 1, "unit1": "Fall"}, "diff": {"id": 1, "color": "#A000FFFF", "de": "Entwicklung zum Vortag", "unit": "F\u00e4lle", "showSum": 1, "unit1": "Fall", "pm": 1}, "diffweek": {"id": 2, "color": "#A000FFFF", "de": "Entwicklung zur Vorwoche", "unit": "F\u00e4lle", "showSum": 1, "unit1": "Fall", "pm": 1}, "reldiffweek": {"id": 3, "color": "#A000FFFF", "de": "rel. Entwicklung zur Vorwoche", "unit": "F\u00e4lle / 100&thinsp;000 EW", "unit1": "Fall / 100&thinsp;000 EW", "pm": 1}, "severe": {"id": 6, "color": "#D30000", "de": "schwere Verl\u00e4ufe", "unit": "F\u00e4lle", "showSum": 1, "unit1": "Fall"}, "dens": {"id": 12, "unit": "EW / km\u00b2", "color": "#00A000", "de": "Einwohnerdichte"}},